episode,steps,X,Y,yaw,steer,throttle,action,reward,done,all_wheels_on_track,progress,closest_waypoint,track_len,tstamp,episode_status,pause_duration,obstacle_crash_counter
140,1.0,3.1999145570228658,0.6830665237044569,0.1502626201259353,-10.1,1.7,11,0.0,False,True,0.7915770697065551,1,17.709159380834848,324.185,prepare,0.0,0
140,2.0,3.1997327938476627,0.6831032114197833,0.18326595495146542,-30.0,1.3,20,0.001,False,True,0.7905513581379271,1,17.709159380834848,324.256,in_progress,0.0,0
140,3.0,3.2069999404523974,0.6826455657312657,0.15674183040471584,0.3,2.7,13,0.001,False,True,0.8315789724532422,1,17.709159380834848,324.316,in_progress,0.0,0
140,4.0,3.2301306461385515,0.6776190544466285,-0.9725190941044982,-10.1,1.7,11,0.001,False,True,0.9621542641565959,1,17.709159380834848,324.387,in_progress,0.0,0
140,5.0,3.268328090188871,0.6742079671796659,-1.6544772307874516,0.3,2.7,13,0.001,False,True,1.177817666968056,1,17.709159380834848,324.464,in_progress,0.0,0
140,6.0,3.3318049477311935,0.6726514326000855,-1.5730480552798676,-2.1,1.4,15,0.001,False,True,1.53624461523376,2,17.709159380834848,324.522,in_progress,0.0,0
140,7.0,3.3954122966779607,0.6736771207223042,-0.8917011852791203,17.0,2.2,14,0.001,False,True,1.8955008773483193,2,17.709159380834848,324.584,in_progress,0.0,0
140,8.0,3.473551446901994,0.6838467282015683,1.707475541573514,-30.0,1.3,20,0.001,False,True,2.336751217397666,3,17.709159380834848,324.663,in_progress,0.0,0
140,9.0,3.5707343215530702,0.6956298641197654,3.904526051281579,-4.6,2.1,18,0.001,False,True,2.8855496745886065,3,17.709159380834848,324.722,in_progress,0.0,0
140,10.0,3.6750376203882387,0.6941145498656147,2.0221186936310946,-10.8,2.5,7,0.001,False,True,3.474524316934363,4,17.709159380834848,324.783,in_progress,0.0,0
140,11.0,3.761237170366204,0.6875273944442976,-0.07303551910014783,-10.8,2.5,7,0.001,False,True,3.9612616054368854,5,17.709159380834848,324.852,in_progress,0.0,0
140,12.0,3.899194967630931,0.6654190302546688,-4.4552210432465476,0.3,2.7,13,0.001,False,True,4.740237000608878,6,17.709159380834848,324.924,in_progress,0.0,0
140,13.0,4.036218423351823,0.6463953172613007,-6.052563292338432,12.2,2.7,5,4.182250641210563,False,True,5.513943091833117,7,17.709159380834848,324.992,in_progress,0.0,0
140,14.0,4.184397291913079,0.6387265080343216,-4.465375201968946,2.3,1.7,6,0.001,False,True,6.350662159898544,8,17.709159380834848,325.057,in_progress,0.0,0
140,15.0,4.3307559278716505,0.6356452063180357,-2.685684011628152,0.6,3.9,10,2.8738921480322115,False,True,7.177111635534978,8,17.709159380834848,325.122,in_progress,0.0,0
140,16.0,4.495229248347208,0.6290281711775082,-2.5545420030538306,11.4,1.3,16,0.001,False,True,8.105846561283887,10,17.709159380834848,325.184,in_progress,0.0,0
140,17.0,4.6324202492087965,0.6229913448423835,-3.442755276073004,-11.4,3.5,9,2.840363109762262,False,True,8.880519803694037,11,17.709159380834848,325.248,in_progress,0.0,0
140,18.0,4.79073233233745,0.6145844882137461,-3.5102632681829276,-0.9,3.0,4,3.6584806945791764,False,True,9.774451544479907,12,17.709159380834848,325.32,in_progress,0.0,0
140,19.0,4.947742629160183,0.5918138963948649,-6.14417208825923,0.6,3.9,10,2.7446474615030834,False,True,10.66100486764123,13,17.709159380834848,325.384,in_progress,0.0,0
140,20.0,5.120970957242165,0.5570410474413151,-9.427766282043619,11.4,1.3,16,0.001,False,True,11.639139550485057,14,17.709159380834848,325.458,in_progress,0.0,0
140,21.0,5.30700239849411,0.5195421333655558,-11.793193628472347,0.5,3.5,2,2.517993506358464,False,True,12.689456797405999,15,17.709159380834848,325.532,in_progress,0.0,0
140,22.0,5.493535393625948,0.48359686850161315,-11.486147986315228,11.4,1.3,16,0.001,False,True,13.741528479045288,16,17.709159380834848,325.588,in_progress,0.0,0
140,23.0,5.655247577247758,0.45278685466555135,-11.369766486561812,3.9,2.4,1,2.8669329620000124,False,True,14.656767735287469,17,17.709159380834848,325.66,in_progress,0.0,0
140,24.0,5.833180193511977,0.42847775357141626,-9.325409914058381,-2.1,1.4,15,3.716538855245325,False,True,15.66776333297056,19,17.709159380834848,325.72,in_progress,0.0,0
140,25.0,5.98191739107653,0.4079953818579229,-8.54852912674499,30.0,1.3,19,3.8911611287487853,False,True,16.513995677725816,20,17.709159380834848,325.791,in_progress,0.0,0
140,26.0,6.121689584474426,0.389111447024692,-8.092020458167074,16.3,1.7,8,3.794107186315693,False,True,17.247822368509393,20,17.709159380834848,325.86,in_progress,0.0,0
140,27.0,6.252706615939334,0.37891843436235895,-6.441957169255796,16.3,1.7,8,3.794107186315693,False,True,17.886275735796158,21,17.709159380834848,325.916,in_progress,0.0,0
140,28.0,6.381847015526054,0.37746226427900226,-3.750618801013584,30.0,1.3,19,0.001,False,False,18.605601276987528,22,17.709159380834848,325.996,in_progress,0.0,0
140,29.0,6.502831841635692,0.38310483077732416,-1.0218058001299022,-2.1,1.4,15,0.001,False,False,19.19673823738964,23,17.709159380834848,326.061,in_progress,0.0,0
140,30.0,6.6131723400928255,0.39018383534927376,0.8421075742946518,-11.4,3.5,9,0.001,False,False,19.451677887143738,23,17.709159380834848,326.123,in_progress,0.0,0
140,31.0,6.724358753473956,0.3903190728882518,0.36979317733653166,-4.6,2.1,18,0.001,False,False,20.020280113913657,24,17.709159380834848,326.182,in_progress,0.0,0
140,32.0,6.826155773598466,0.3793286369473115,-2.12613864559155,7.3,1.5,3,0.001,False,False,20.296722032172234,24,17.709159380834848,326.263,in_progress,0.0,0
140,33.0,6.971752123293302,0.36973151951725486,-2.8067313250438883,2.3,1.7,6,0.001,False,False,20.821222384318208,25,17.709159380834848,326.329,in_progress,0.0,0
140,34.0,7.083210997960233,0.36630818637512286,-2.4303322048326743,7.2,2.0,12,0.001,False,False,21.144167722643402,25,17.709159380834848,326.381,in_progress,0.0,0
140,35.0,7.194587506081162,0.3649519299422855,-1.7264028868380477,-2.1,1.4,15,0.001,True,False,21.573262505560304,26,17.709159380834848,326.458,off_track,0.0,0
141,1.0,4.0854096391473105,0.6835987475299227,0.03041055587046873,0.3,2.7,13,0.0,False,True,0.7917887999865348,7,17.709159380834848,326.587,prepare,0.0,0
141,2.0,4.08519049355027,0.6836132374880972,0.01993050474270704,0.3,2.7,13,4.280294938388925,False,True,0.7905513581378691,7,17.709159380834848,326.65,in_progress,0.0,0
141,3.0,4.0938517358683795,0.6805958320176653,-0.7218636709253832,-10.1,1.7,11,0.001,False,True,0.839453698451461,7,17.709159380834848,326.73,in_progress,0.0,0
141,4.0,4.117371244818747,0.6751032065182744,-1.9040339755298359,-10.8,2.5,7,0.001,False,True,0.9722524674465063,7,17.709159380834848,326.799,in_progress,0.0,0
141,5.0,4.155346117486694,0.6667524912818494,-3.6094748411161186,-11.4,3.5,9,4.488396179282505,False,True,1.1866721110773673,7,17.709159380834848,326.858,in_progress,0.0,0
141,6.0,4.209072346471199,0.6518198854054468,-6.254690837244012,-30.0,1.3,20,0.001,False,True,1.4900232890197096,8,17.709159380834848,326.924,in_progress,0.0,0
141,7.0,4.262172950787807,0.6275169095195577,-10.330455619010785,23.0,1.4,0,0.001,False,True,1.7898211150697383,8,17.709159380834848,326.98,in_progress,0.0,0
141,8.0,4.3307210181247635,0.5955387749310781,-14.56928571116323,-4.6,2.1,18,0.001,False,True,2.1768330690952578,8,17.709159380834848,327.058,in_progress,0.0,0
141,9.0,4.411851254632556,0.569387260557643,-15.71886120803941,16.3,1.7,8,0.001,False,True,2.634908354740949,9,17.709159380834848,327.127,in_progress,0.0,0
141,10.0,4.500741236840384,0.5484814001309744,-14.869547110251137,11.4,1.3,16,0.001,False,True,3.1368098863744143,10,17.709159380834848,327.186,in_progress,0.0,0
141,11.0,4.592689823328689,0.5408376303189211,-11.383721024592212,11.4,1.3,16,0.001,False,True,3.6559997213933424,10,17.709159380834848,327.252,in_progress,0.0,0
141,12.0,4.674653326339955,0.5420857011933624,-7.5287615058287765,-10.1,1.7,11,0.001,False,True,4.118833413535354,11,17.709159380834848,327.32,in_progress,0.0,0
141,13.0,4.786276344494438,0.537998522091192,-5.482484672624686,11.4,1.3,16,0.001,False,True,4.749123138527802,12,17.709159380834848,327.385,in_progress,0.0,0
141,14.0,4.886424982544383,0.5314358707898231,-4.792679246051644,7.2,2.0,12,4.494619475337474,False,True,5.314624112767005,12,17.709159380834848,327.451,in_progress,0.0,0
141,15.0,4.9817131056857145,0.5360441928249989,-2.1181862312393767,17.0,2.2,14,4.588629529631607,False,True,5.852706727711518,13,17.709159380834848,327.505,in_progress,0.0,0
141,16.0,5.097442688823686,0.554433290924752,2.624781780272797,-10.8,2.5,7,4.19324309793489,False,True,6.506275052282788,14,17.709159380834848,327.594,in_progress,0.0,0
141,17.0,5.231409328698613,0.5785452464862442,6.160508198507523,12.6,3.5,17,2.684850584472581,False,True,7.262835174289951,15,17.709159380834848,327.649,in_progress,0.0,0
141,18.0,5.3474791310429755,0.5982631375619121,7.811322524755655,23.0,1.4,0,0.001,False,True,7.918220082946324,15,17.709159380834848,327.723,in_progress,0.0,0
141,19.0,5.480274763858922,0.6334840757433168,11.58018921888496,-2.1,1.4,15,0.001,False,True,8.667888362659431,16,17.709159380834848,327.795,in_progress,0.0,0
141,20.0,5.6093371766839315,0.6728713743539602,14.347533825332734,17.0,2.2,14,4.06125066069603,False,True,9.39711828066006,17,17.709159380834848,327.859,in_progress,0.0,0
141,21.0,5.729234468368132,0.7173151787184945,17.191656480630087,-10.1,1.7,11,4.919919285823124,False,True,10.074072374941968,18,17.709159380834848,327.934,in_progress,0.0,0
141,22.0,5.852966271442475,0.7654125713437199,19.006069891899433,-10.1,1.7,11,4.781593514322485,False,True,10.770698302988523,19,17.709159380834848,327.989,in_progress,0.0,0
141,23.0,5.94826361081444,0.7948832745064237,18.32835660318883,-10.8,2.5,7,2.9836223710666134,False,True,11.30568854523547,19,17.709159380834848,328.057,in_progress,0.0,0
141,24.0,6.084446244310351,0.8279551680874229,15.937627881304865,3.9,2.4,1,3.0284795420474113,False,True,12.100951610767304,20,17.709159380834848,328.125,in_progress,0.0,0
141,25.0,6.2236473879978265,0.8604331264490968,14.60348344573679,23.0,1.4,0,4.955648141511426,False,True,12.947151221009467,21,17.709159380834848,328.195,in_progress,0.0,0
141,26.0,6.361184317656689,0.9091033833600364,17.025642637053377,23.0,1.4,0,4.941397955943266,False,True,13.80648858994436,22,17.709159380834848,328.27,in_progress,0.0,0
141,27.0,6.478490744370451,0.9625695476865669,20.55145900778695,-0.9,3.0,4,2.9473743569649766,False,True,14.778980485233696,23,17.709159380834848,328.324,in_progress,0.0,0
141,28.0,6.563817446300967,1.0056958204188018,22.764978082742715,23.0,1.4,0,4.9252127383154,False,True,15.553969501207732,24,17.709159380834848,328.403,in_progress,0.0,0
141,29.0,6.692896547984721,1.070253604603931,24.566639921855547,-30.0,1.3,20,4.86567384108766,False,True,16.49521439827066,25,17.709159380834848,328.454,in_progress,0.0,0
141,30.0,6.769762658885317,1.1105796763471025,25.6057953684137,7.2,2.0,12,3.3270069277378425,False,True,17.14168093872585,26,17.709159380834848,328.533,in_progress,0.0,0
141,31.0,6.879397302441341,1.166192068097332,26.214733358354888,-4.6,2.1,18,2.950375716414676,False,True,18.030049101021657,27,17.709159380834848,328.599,in_progress,0.0,0
141,32.0,6.988263119158653,1.217799436538692,25.735191090549392,7.2,2.0,12,3.061599089502785,False,True,18.631130740907135,28,17.709159380834848,328.667,in_progress,0.0,0
141,33.0,7.094604163087152,1.2665305736162775,25.288649323712917,-10.1,1.7,11,0.001,False,True,19.263254906287713,29,17.709159380834848,328.732,in_progress,0.0,0
141,34.0,7.215273186467457,1.3219139477695352,24.978757423874423,-10.8,2.5,7,0.001,False,True,19.85515716051624,29,17.709159380834848,328.797,in_progress,0.0,0
141,35.0,7.333747366223069,1.3658694261360251,22.787011898234056,3.9,2.4,1,0.001,False,True,20.340201038105505,30,17.709159380834848,328.864,in_progress,0.0,0
141,36.0,7.464023011016495,1.4002228810799286,18.953181659664065,-30.0,1.3,20,0.001,False,True,20.6512282554391,30,17.709159380834848,328.93,in_progress,0.0,0
141,37.0,7.594110692386213,1.4297447216383872,16.131542335639207,16.3,1.7,8,0.001,False,True,21.011251492370786,31,17.709159380834848,328.98,in_progress,0.0,0
141,38.0,7.694773898135038,1.4531060782009126,15.004861411166988,-30.0,1.3,20,0.001,False,False,21.257421204346688,31,17.709159380834848,329.061,in_progress,0.0,0
141,39.0,7.8144285483977995,1.4817075650280445,14.21139733689146,0.5,3.5,2,0.001,False,False,21.257421204346688,31,17.709159380834848,329.125,in_progress,0.0,0
141,40.0,7.925515097932121,1.4991519010746739,12.122643021235827,17.0,2.2,14,0.001,True,False,21.257421204346688,31,17.709159380834848,329.186,off_track,0.0,0
142,1.0,4.9707405763257935,0.6839463719332847,0.032597149812789175,-2.1,1.4,15,0.0,False,True,0.7910718606517473,13,17.709159380834848,329.325,prepare,0.0,0
142,2.0,4.97064840309356,0.6839376398081525,0.0220399244782879,0.3,2.7,13,3.9708661052800203,False,True,0.7905513581323145,13,17.709159380834848,329.39,in_progress,0.0,0
142,3.0,4.9779234338318465,0.6810417284164236,-0.7280563720161258,23.0,1.4,0,0.001,False,True,0.8316256065376406,13,17.709159380834848,329.455,in_progress,0.0,0
142,4.0,4.997801905816862,0.6861968171082659,0.45457766741780153,11.4,1.3,16,0.001,False,True,0.9438865818233819,13,17.709159380834848,329.522,in_progress,0.0,0
142,5.0,5.032427260754036,0.6945472679089048,2.341447520181401,-10.8,2.5,7,4.528690165055121,False,True,1.1394250151009422,13,17.709159380834848,329.588,in_progress,0.0,0
142,6.0,5.083879121998422,0.6997544733762016,2.9651392766814477,-2.1,1.4,15,0.001,False,True,1.429973491149307,14,17.709159380834848,329.659,in_progress,0.0,0
142,7.0,5.146958870532325,0.6990782174793101,2.0444620100228286,-10.1,1.7,11,4.246199256670873,False,True,1.7861705584260394,14,17.709159380834848,329.719,in_progress,0.0,0
142,8.0,5.22204915750238,0.6958610058348383,0.7067359128944555,0.3,2.7,13,3.9789480997185,False,True,2.2101802549131784,14,17.709159380834848,329.781,in_progress,0.0,0
142,9.0,5.314970803750323,0.689799407426619,-0.8278044412237386,12.6,3.5,17,2.9627092980310716,False,True,2.7348841828555988,15,17.709159380834848,329.86,in_progress,0.0,0
142,10.0,5.419829019523594,0.6965446873789056,1.1101939348317942,-2.1,1.4,15,0.001,False,True,3.327014108006848,16,17.709159380834848,329.929,in_progress,0.0,0
142,11.0,5.534520849087195,0.7076283376105597,3.353697388519851,7.2,2.0,12,4.935798008960044,False,True,3.9748179005227815,17,17.709159380834848,329.991,in_progress,0.0,0
142,12.0,5.637043896120761,0.7234565983325887,5.472064737706742,-10.1,1.7,11,4.967100193291567,False,True,4.553479860724482,17,17.709159380834848,330.06,in_progress,0.0,0
142,13.0,5.748992134300544,0.7404575473061445,6.751042786307553,-2.1,1.4,15,4.5619359517205185,False,True,5.18559750815224,18,17.709159380834848,330.127,in_progress,0.0,0
142,14.0,5.859514881919329,0.749389167793105,5.904283084779241,-4.6,2.1,18,3.6699119847198256,False,True,5.808094676704329,19,17.709159380834848,330.189,in_progress,0.0,0
142,15.0,5.968691742688975,0.7508814502277062,3.7870126425393313,-2.1,1.4,15,4.871663784592652,False,True,6.423116770663123,19,17.709159380834848,330.255,in_progress,0.0,0
142,16.0,6.088216399584414,0.7473534944136531,1.4418308144207412,-10.1,1.7,11,4.593656024906761,False,True,7.110595620842444,20,17.709159380834848,330.33,in_progress,0.0,0
142,17.0,6.201305759128713,0.7387534392403005,-0.99264608271757,-0.9,3.0,4,2.6959659051470113,False,True,7.7477374983030005,21,17.709159380834848,330.393,in_progress,0.0,0
142,18.0,6.320214723837829,0.7251582624872814,-3.3823636343439714,16.3,1.7,8,4.346692106834511,False,True,8.427542782570743,22,17.709159380834848,330.468,in_progress,0.0,0
142,19.0,6.456676252664579,0.7190096151555694,-2.9938308611519955,23.0,1.4,0,4.382522625836237,False,True,9.195377903026056,23,17.709159380834848,330.524,in_progress,0.0,0
142,20.0,6.5564996967642895,0.7233801948718989,-0.8669090133737627,16.3,1.7,8,3.981848936428876,False,True,9.747900556423952,23,17.709159380834848,330.587,in_progress,0.0,0
142,21.0,6.668044383137718,0.738605693188956,2.7790120759592707,-2.1,1.4,15,0.001,False,True,10.335112980714314,24,17.709159380834848,330.651,in_progress,0.0,0
142,22.0,6.774967592429137,0.7532681440182971,4.807841295859821,7.2,2.0,12,2.586193725631701,False,True,10.902992315527404,25,17.709159380834848,330.719,in_progress,0.0,0
142,23.0,6.8809207345442145,0.7679457252365003,6.066521738019713,-4.6,2.1,18,2.2601999999999998,False,True,11.402978971131914,25,17.709159380834848,330.793,in_progress,0.0,0
142,24.0,7.009283424404176,0.7831330298070314,6.214880947068148,12.6,3.5,17,0.001,False,True,11.990967241130527,26,17.709159380834848,330.866,in_progress,0.0,0
142,25.0,7.144635252890065,0.7996838065041602,6.6796023237194975,-10.8,2.5,7,0.001,False,True,12.552570555202145,27,17.709159380834848,330.923,in_progress,0.0,0
142,26.0,7.278611326981447,0.8232222006509375,8.109339812852285,23.0,1.4,0,0.001,False,True,12.835294541498103,27,17.709159380834848,330.996,in_progress,0.0,0
142,27.0,7.422484724810992,0.8440339624870867,8.135839268645334,-11.4,3.5,9,0.001,False,False,13.404733563862553,28,17.709159380834848,331.065,in_progress,0.0,0
142,28.0,7.555051688357443,0.8635804945028842,7.9413564314427845,0.5,3.5,2,0.001,False,False,13.682777935099613,28,17.709159380834848,331.12,in_progress,0.0,0
142,29.0,7.692807899155702,0.8773808489013807,6.773382240022951,7.3,1.5,3,0.001,True,False,13.98231611009417,28,17.709159380834848,331.197,off_track,0.0,0
143,1.0,5.8562966691053795,0.6842238703911009,-0.013475482486633389,7.2,2.0,12,0.0,False,True,0.7916226648142427,19,17.709159380834848,331.324,prepare,0.0,0
143,2.0,5.856106164211005,0.6842554637200184,-0.01857169892480196,7.2,2.0,12,3.81019226644985,False,True,0.7905461097582528,19,17.709159380834848,331.386,in_progress,0.0,0
143,3.0,5.8646433684372345,0.684447819670642,-0.03246955196767277,2.3,1.7,6,4.5670597157598705,False,True,0.8387484215321067,19,17.709159380834848,331.45,in_progress,0.0,0
143,4.0,5.888602798350713,0.6852027804124367,0.10038384271443201,-0.9,3.0,4,2.764445762327627,False,True,0.9740212765683987,19,17.709159380834848,331.52,in_progress,0.0,0
143,5.0,5.930263686203466,0.6851997250136873,0.0462620267185677,17.0,2.2,14,3.179493424931503,False,True,1.2092319982717785,19,17.709159380834848,331.597,in_progress,0.0,0
143,6.0,5.9865962439135085,0.6963202460798747,2.5104221834661353,2.3,1.7,6,4.533545297400634,False,True,1.5267939263613335,20,17.709159380834848,331.655,in_progress,0.0,0
143,7.0,6.050947498585204,0.7113892588425369,5.256185158603354,-0.9,3.0,4,2.734830256223454,False,True,1.889447672094016,20,17.709159380834848,331.724,in_progress,0.0,0
143,8.0,6.136240004396921,0.7321012699643115,8.032263290999458,-0.9,3.0,4,2.729167656186248,False,True,2.3794841046184816,21,17.709159380834848,331.79,in_progress,0.0,0
143,9.0,6.231962771086059,0.7518417962839221,9.299329543801774,7.2,2.0,12,3.732731034708473,False,True,2.9433379229534093,21,17.709159380834848,331.869,in_progress,0.0,0
143,10.0,6.353819016410495,0.786604153628262,12.251802372418274,23.0,1.4,0,4.654758511004321,False,True,3.671604961034483,22,17.709159380834848,331.924,in_progress,0.0,0
143,11.0,6.435275993067783,0.8162413752053613,14.794376088461197,0.5,3.5,2,2.655308020823302,False,True,4.15000237356033,23,17.709159380834848,332.0,in_progress,0.0,0
143,12.0,6.559202689592352,0.8631591961074517,17.474926995899118,7.3,1.5,3,4.589567185473079,False,True,5.023398049948513,24,17.709159380834848,332.067,in_progress,0.0,0
143,13.0,6.665523979900928,0.9019050568725412,18.465772669682426,7.2,2.0,12,3.070997863272411,False,True,5.770943893052535,25,17.709159380834848,332.129,in_progress,0.0,0
143,14.0,6.763842267878589,0.943939951162086,20.269566210451224,-10.1,1.7,11,3.9063303553082527,False,True,6.421234353576377,25,17.709159380834848,332.187,in_progress,0.0,0
143,15.0,6.871478767448158,0.985547878930895,20.637516073221548,11.4,1.3,16,4.3828676617115425,False,True,7.100267041419348,26,17.709159380834848,332.258,in_progress,0.0,0
143,16.0,6.978889227316049,1.0261657046205068,20.721727441724255,7.2,2.0,12,0.001,False,True,7.70554882096568,27,17.709159380834848,332.334,in_progress,0.0,0
143,17.0,7.0922888691895025,1.0765877085598423,22.110412859855888,30.0,1.3,19,0.001,False,True,8.342986854291082,28,17.709159380834848,332.399,in_progress,0.0,0
143,18.0,7.201693161215084,1.1332495843785286,24.39105195598188,-2.1,1.4,15,0.001,False,True,8.898918373920289,28,17.709159380834848,332.456,in_progress,0.0,0
143,19.0,7.284620309804127,1.178334816221756,26.00612202626603,3.9,2.4,1,0.001,False,True,9.348845801906627,29,17.709159380834848,332.53,in_progress,0.0,0
143,20.0,7.396099895349726,1.2348925395840473,26.375021227171214,7.3,1.5,3,0.001,False,True,9.791308468490605,29,17.709159380834848,332.595,in_progress,0.0,0
143,21.0,7.497301409062304,1.2873792896814744,26.806943304679592,-10.1,1.7,11,0.001,False,True,10.283593662736473,30,17.709159380834848,332.658,in_progress,0.0,0
143,22.0,7.593026782469948,1.3366363261762875,26.91279259930429,0.3,2.7,13,0.001,False,False,10.503603796534843,30,17.709159380834848,332.718,in_progress,0.0,0
143,23.0,7.695343374221865,1.3776087694723222,24.78066334392339,2.3,1.7,6,0.001,False,False,10.8832451293703,31,17.709159380834848,332.792,in_progress,0.0,0
143,24.0,7.826670608162467,1.423113967193262,21.994467263064884,7.2,2.0,12,0.001,False,False,11.257421204346684,31,17.709159380834848,332.863,in_progress,0.0,0
143,25.0,7.954370214894993,1.470813160655559,21.37294814212845,0.3,2.7,13,0.001,True,False,11.257421204346684,31,17.709159380834848,332.922,off_track,0.0,0
144,1.0,6.726437269424162,0.7972413995002285,19.300099164114258,7.2,2.0,12,0.0,False,True,0.7842212671821586,25,17.709159380834848,333.056,prepare,0.0,0
144,2.0,6.726269746928114,0.7972396038639572,19.316718374208513,-11.4,3.5,9,2.2334007920586814,False,True,0.7833896711744837,25,17.709159380834848,333.117,in_progress,0.0,0
144,3.0,6.734403944842629,0.799139252056036,19.183454290651397,0.3,2.7,13,2.2255860848677713,False,True,0.8287438548162607,25,17.709159380834848,333.182,in_progress,0.0,0
144,4.0,6.75494745403313,0.8085898496477868,19.841266650025336,23.0,1.4,0,4.176190490021371,False,True,0.9560616803159061,25,17.709159380834848,333.252,in_progress,0.0,0
144,5.0,6.784672848156555,0.8245333884838355,20.962593442154162,12.2,2.7,5,2.2073549656280207,False,True,1.1441677226434022,25,17.709159380834848,333.326,in_progress,0.0,0
144,6.0,6.8267987448097145,0.8559413611271506,24.22506017993281,0.3,2.7,13,2.2129821659067197,False,True,1.432655927785706,25,17.709159380834848,333.391,in_progress,0.0,0
144,7.0,6.889823410833889,0.892546530359805,25.85500930960965,12.2,2.7,5,2.172095189793264,False,True,1.843023960071427,26,17.709159380834848,333.452,in_progress,0.0,0
144,8.0,6.950080200008482,0.9295428312226833,27.42701874614748,12.2,2.7,5,2.133860994199349,False,True,2.2209370763969725,26,17.709159380834848,333.533,in_progress,0.0,0
144,9.0,7.035433849436057,1.0008622826903846,32.54035156540649,12.2,2.7,5,2.101894984931715,False,True,2.8352945414981012,27,17.709159380834848,333.599,in_progress,0.0,0
144,10.0,7.108787439343738,1.0738513717546125,37.36635192466461,7.2,2.0,12,2.5809622241427683,False,True,3.3862873036780066,28,17.709159380834848,333.668,in_progress,0.0,0
144,11.0,7.20072343257229,1.1745904248549297,42.21429737238528,0.3,2.7,13,2.001,False,True,4.100339673076109,28,17.709159380834848,333.729,in_progress,0.0,0
144,12.0,7.266403372728297,1.2528338392144385,45.183037192134115,7.3,1.5,3,3.8442,False,True,4.605031491249406,29,17.709159380834848,333.802,in_progress,0.0,0
144,13.0,7.349134006663772,1.3650473068381566,49.373357154432114,23.0,1.4,0,3.9612,False,True,5.369116903158522,30,17.709159380834848,333.865,in_progress,0.0,0
144,14.0,7.411676022911195,1.472217640135186,54.16543863726822,-30.0,1.3,20,4.0009999999999994,False,True,5.962158879011947,31,17.709159380834848,333.93,in_progress,0.0,0
144,15.0,7.457273546943411,1.5594728113354863,57.52276776373714,7.3,1.5,3,3.8442,False,True,6.299901807622033,31,17.709159380834848,333.984,in_progress,0.0,0
144,16.0,7.50402572025446,1.6368867640131568,58.126883314697224,-4.6,2.1,18,2.2601999999999998,False,True,6.755654889133727,32,17.709159380834848,334.055,in_progress,0.0,0
144,17.0,7.568944306502296,1.7366282387142535,57.436374117156625,0.3,2.7,13,2.001,False,True,7.103484010259203,32,17.709159380834848,334.119,in_progress,0.0,0
144,18.0,7.648878920150978,1.8379906036727172,54.71501640877618,7.2,2.0,12,0.001,False,False,7.543935116522881,33,17.709159380834848,334.19,in_progress,0.0,0
144,19.0,7.7331650681003765,1.9496381707676695,53.87909993103917,23.0,1.4,0,0.001,False,False,7.947492763770031,33,17.709159380834848,334.257,in_progress,0.0,0
144,20.0,7.8074325973842615,2.055921148865322,54.41529155259548,7.2,2.0,12,0.001,False,False,8.362521678071328,33,17.709159380834848,334.331,in_progress,0.0,0
144,21.0,7.872210434461154,2.1642600929975915,56.48633654930904,11.4,1.3,16,0.001,True,False,8.797139282353905,34,17.709159380834848,334.396,off_track,0.0,0
145,1.0,7.257943355821312,1.4835001010453197,67.512296036317,7.3,1.5,3,0.0,False,True,0.787602944078647,30,17.709159380834848,334.522,prepare,0.0,0
145,2.0,7.257884002906068,1.4835494899813997,67.53121412213491,7.3,1.5,3,3.992519627046547,False,True,0.787780277437744,30,17.709159380834848,334.592,in_progress,0.0,0
145,3.0,7.2611832323667675,1.4900722731764502,67.36673492602134,11.4,1.3,16,4.14542260165392,False,True,0.8282893796583202,31,17.709159380834848,334.657,in_progress,0.0,0
145,4.0,7.2685082866298645,1.5094119592591304,67.53638139277773,3.9,2.4,1,2.1401087867197672,False,True,0.9446269059732115,31,17.709159380834848,334.723,in_progress,0.0,0
145,5.0,7.281029603312686,1.5469682932586528,68.1746717338815,12.2,2.7,5,2.134551289095716,False,True,1.1679328012441703,31,17.709159380834848,334.792,in_progress,0.0,0
145,6.0,7.29475202476851,1.6001534726533098,69.7296343147701,7.2,2.0,12,2.631587952757474,False,True,1.4599646486943174,31,17.709159380834848,334.858,in_progress,0.0,0
145,7.0,7.307716944509013,1.6648141722171816,72.0715891427837,12.2,2.7,5,2.0874315733823554,False,True,1.8295614050716835,32,17.709159380834848,334.928,in_progress,0.0,0
145,8.0,7.318125622721976,1.7518549802194912,75.7819845925589,3.9,2.4,1,2.077512294202689,False,True,2.28521652478379,32,17.709159380834848,335.0,in_progress,0.0,0
145,9.0,7.327644480901921,1.8518516371324647,79.05064084509074,-2.1,1.4,15,3.994745485244987,False,True,2.8393446488785,33,17.709159380834848,335.053,in_progress,0.0,0
145,10.0,7.3395612801725045,1.9455997304892132,80.45705035042707,12.6,3.5,17,2.001,False,True,3.3116988189901275,33,17.709159380834848,335.14,in_progress,0.0,0
145,11.0,7.346241535295028,2.0648490550324254,83.40689855912905,-2.1,1.4,15,3.9927928274301374,False,True,3.8788849608237195,34,17.709159380834848,335.194,in_progress,0.0,0
145,12.0,7.3493695712910645,2.161385139562825,86.11618265772604,7.3,1.5,3,3.9174203220035517,False,True,4.388336786758446,35,17.709159380834848,335.258,in_progress,0.0,0
145,13.0,7.3452022149265375,2.2741101225267304,88.91341834130579,12.2,2.7,5,2.001,False,True,4.827109192010997,35,17.709159380834848,335.326,in_progress,0.0,0
145,14.0,7.331053291197643,2.3733116031513743,92.37839130104182,23.0,1.4,0,3.9927928274301374,False,True,5.359436704808118,36,17.709159380834848,335.394,in_progress,0.0,0
145,15.0,7.301276335220822,2.486056057653679,97.78027404918821,-4.6,2.1,18,0.001,False,True,5.757262352615255,36,17.709159380834848,335.453,in_progress,0.0,0
145,16.0,7.269185047317701,2.595303051627534,101.29464739961053,-11.4,3.5,9,2.001,False,True,6.348746672245619,37,17.709159380834848,335.527,in_progress,0.0,0
145,17.0,7.248506830252543,2.721615208057551,100.30787951708818,-11.4,3.5,9,0.001,False,False,6.7142316868956,37,17.709159380834848,335.593,in_progress,0.0,0
145,18.0,7.24004443724215,2.8726671703506836,96.46397224581528,-0.9,3.0,4,0.001,False,False,7.196768666464626,38,17.709159380834848,335.656,in_progress,0.0,0
145,19.0,7.231601384799053,3.0034780815744,94.94171114013756,30.0,1.3,19,0.001,False,False,7.48824081213702,38,17.709159380834848,335.725,in_progress,0.0,0
145,20.0,7.2100555140405875,3.1715676230463408,96.30170880162915,2.3,1.7,6,0.001,True,False,8.048579672508843,39,17.709159380834848,335.791,off_track,0.0,0
146,1.0,7.09008245718643,2.3321294399898838,117.94313228544992,7.3,1.5,3,0.0,False,True,0.7876667598060716,36,17.709159380834848,335.929,prepare,0.0,0
146,2.0,7.090189558990933,2.3320076142132473,117.93516785692194,-30.0,1.3,20,4.152509982266149,False,True,0.7867530802034839,36,17.709159380834848,335.991,in_progress,0.0,0
146,3.0,7.08772664186722,2.3409698153641876,117.48391588657024,12.2,2.7,5,2.1544931863873433,False,True,0.8354494209662555,36,17.709159380834848,336.061,in_progress,0.0,0
146,4.0,7.079171038011325,2.3611066013996567,117.13579034750911,-11.4,3.5,9,2.138268480983155,False,True,0.9551954481263725,37,17.709159380834848,336.128,in_progress,0.0,0
146,5.0,7.059945313206901,2.3929075761596925,117.6713883088739,12.6,3.5,17,2.1242759855790565,False,True,1.1638428897297604,37,17.709159380834848,336.184,in_progress,0.0,0
146,6.0,7.032204132690468,2.436499457623823,118.66752793731501,0.5,3.5,2,2.108285564624893,False,True,1.4347251348533485,37,17.709159380834848,336.258,in_progress,0.0,0
146,7.0,6.989729508059095,2.4882423943602343,121.46957803321739,12.2,2.7,5,2.107900725302428,False,True,1.8110118848361056,38,17.709159380834848,336.329,in_progress,0.0,0
146,8.0,6.930748128053398,2.548039835629547,125.7059928697319,11.4,1.3,16,3.5934908527317386,False,True,2.2594263558128103,38,17.709159380834848,336.393,in_progress,0.0,0
146,9.0,6.856365801483424,2.6108946458544344,130.72320181962988,-11.4,3.5,9,2.09269490580705,False,True,2.8088079191052104,39,17.709159380834848,336.455,in_progress,0.0,0
146,10.0,6.786101556525088,2.6694362960102818,133.96804686328022,0.6,3.9,10,2.0905256640050895,False,True,3.284551346645431,39,17.709159380834848,336.527,in_progress,0.0,0
146,11.0,6.69875153603787,2.755492490945406,134.577993148044,11.4,1.3,16,0.001,False,True,3.8938932043945496,40,17.709159380834848,336.6,in_progress,0.0,0
146,12.0,6.614682777144027,2.8281665017716655,136.35987489969855,12.6,3.5,17,2.001,False,True,4.467314115152804,41,17.709159380834848,336.652,in_progress,0.0,0
146,13.0,6.535747212505285,2.8854808857456815,139.2222617394153,-10.8,2.5,7,3.7714115954122756,False,True,4.866999018226187,41,17.709159380834848,336.737,in_progress,0.0,0
146,14.0,6.41461717176621,2.992189986029228,138.8316092656204,0.3,2.7,13,3.953542665304383,False,True,5.582810068574629,42,17.709159380834848,336.802,in_progress,0.0,0
146,15.0,6.320313779720231,3.0891878973713713,136.5034502387188,30.0,1.3,19,0.001,False,True,6.04953699834283,43,17.709159380834848,336.86,in_progress,0.0,0
146,16.0,6.226967336969128,3.1821752127921683,135.52576409965533,-10.1,1.7,11,0.001,False,False,6.503130093542281,43,17.709159380834848,336.921,in_progress,0.0,0
146,17.0,6.137468609977364,3.270188399533785,135.33673267938963,7.2,2.0,12,0.001,False,False,7.019362953864633,44,17.709159380834848,336.978,in_progress,0.0,0
146,18.0,6.05230650744729,3.3576449133508595,134.8570316937748,-4.6,2.1,18,0.001,False,False,7.4107022281231565,44,17.709159380834848,337.053,in_progress,0.0,0
146,19.0,5.95971494937496,3.453642264719251,134.35516672992136,-10.1,1.7,11,0.001,True,False,7.929008931817139,45,17.709159380834848,337.131,off_track,0.0,0
147,1.0,6.3444032673712645,2.7670022441468904,168.42320348391155,16.3,1.7,8,0.0,False,True,0.7889540037091247,42,17.709159380834848,337.254,prepare,0.0,0
147,2.0,6.344454764550527,2.767073329192873,168.3915256627549,0.3,2.7,13,4.37505977421462,False,True,0.7886914472193474,42,17.709159380834848,337.328,in_progress,0.0,0
147,3.0,6.338776885891266,2.768444995292377,168.33651694454787,-2.1,1.4,15,0.001,False,True,0.8212092931830728,42,17.709159380834848,337.392,in_progress,0.0,0
147,4.0,6.322630724700151,2.7707706814550814,168.57426754232665,-11.4,3.5,9,2.983820574384288,False,True,0.9130697449458103,42,17.709159380834848,337.47,in_progress,0.0,0
147,5.0,6.280807672430291,2.7843932006474765,167.38395353024714,-11.4,3.5,9,2.9959584129096695,False,True,1.153958916865816,43,17.709159380834848,337.52,in_progress,0.0,0
147,6.0,6.248291596294388,2.799474238518665,165.49884409804847,-11.4,3.5,9,2.992102272447216,False,True,1.3429827488132595,43,17.709159380834848,337.59,in_progress,0.0,0
147,7.0,6.180988516479243,2.8360532748812295,161.37073459427896,-11.4,3.5,9,2.9614916893052063,False,True,1.7195389294666463,43,17.709159380834848,337.657,in_progress,0.0,0
147,8.0,6.121224822054962,2.872453641834555,157.57341669262678,0.5,3.5,2,3.502646444378456,False,True,2.0614690554734083,44,17.709159380834848,337.727,in_progress,0.0,0
147,9.0,6.044105876184016,2.9141821953032094,155.5638843327507,-11.4,3.5,9,3.467117866545271,False,True,2.477891417544037,44,17.709159380834848,337.806,in_progress,0.0,0
147,10.0,5.933450162357159,2.986474589595854,151.24922763611508,7.2,2.0,12,0.001,False,True,3.0993154779737853,45,17.709159380834848,337.858,in_progress,0.0,0
147,11.0,5.869119480367873,3.0346329371991683,148.33989614994115,16.3,1.7,8,0.001,False,True,3.459630598093372,45,17.709159380834848,337.934,in_progress,0.0,0
147,12.0,5.746797234940156,3.107843390785434,148.52751991630421,-11.4,3.5,9,4.10290915329386,False,True,4.14826679035496,46,17.709159380834848,337.989,in_progress,0.0,0
147,13.0,5.6488087445300295,3.162053927826104,149.55383310061848,0.5,3.5,2,0.001,False,False,4.699131819429669,47,17.709159380834848,338.063,in_progress,0.0,0
147,14.0,5.525287195626404,3.236963565268094,149.11862742611203,0.3,2.7,13,0.001,False,False,5.404467138325075,48,17.709159380834848,338.13,in_progress,0.0,0
147,15.0,5.3881660182999545,3.311961761870112,150.26069673975115,-11.4,3.5,9,0.001,False,False,6.176479524336637,49,17.709159380834848,338.183,in_progress,0.0,0
147,16.0,5.267194753806734,3.3814952474694167,150.05494175609837,0.5,3.5,2,0.001,True,False,6.800143664810254,49,17.709159380834848,338.252,off_track,0.0,0
148,1.0,5.4584301397368415,2.7688477611700875,-179.7634546689454,-10.8,2.5,7,0.0,False,True,0.7918190828219818,48,17.709159380834848,338.399,prepare,0.0,0
148,2.0,5.45865417097942,2.768967980580661,-179.78701077530295,-0.9,3.0,4,3.9730866917677146,False,True,0.7905513549263499,48,17.709159380834848,338.465,in_progress,0.0,0
148,3.0,5.449378924819314,2.768451994421028,-179.64574169798303,-11.4,3.5,9,4.791326768027277,False,True,0.8429378635592122,48,17.709159380834848,338.514,in_progress,0.0,0
148,4.0,5.430487663574909,2.770893319695607,179.65218967394296,-11.4,3.5,9,4.779813982495408,False,True,0.9495577139348954,48,17.709159380834848,338.591,in_progress,0.0,0
148,5.0,5.394634161692915,2.7752345494914783,178.61613905598546,12.6,3.5,17,4.757246412155411,False,True,1.151916780650769,49,17.709159380834848,338.663,in_progress,0.0,0
148,6.0,5.339875162695306,2.775547987449735,178.69416369008303,-11.4,3.5,9,4.7072660232380175,False,True,1.4611202519194677,49,17.709159380834848,338.731,in_progress,0.0,0
148,7.0,5.280099478266527,2.7750808441477663,179.04020707542497,12.2,2.7,5,0.001,False,True,1.7979860080677257,49,17.709159380834848,338.789,in_progress,0.0,0
148,8.0,5.21403633750338,2.775677773925885,179.15843782367898,-11.4,3.5,9,4.584645802395222,False,True,2.1708819440152958,50,17.709159380834848,338.858,in_progress,0.0,0
148,9.0,5.134282417473036,2.773123492681132,-179.96936586087975,-11.4,3.5,9,4.49868783665107,False,True,2.622616789024584,50,17.709159380834848,338.921,in_progress,0.0,0
148,10.0,5.042386880099074,2.784802699297978,177.46542910884358,-11.4,3.5,9,4.4326245189193045,False,True,3.1418591931308857,51,17.709159380834848,338.997,in_progress,0.0,0
148,11.0,4.92219137187286,2.816525321060413,171.91438479286882,-30.0,1.3,20,0.001,False,True,3.8504932488427066,52,17.709159380834848,339.067,in_progress,0.0,0
148,12.0,4.806899642290151,2.8633009110276957,164.08051998960954,3.9,2.4,1,0.001,False,True,4.572221454302916,53,17.709159380834848,339.13,in_progress,0.0,0
148,13.0,4.709119137365489,2.9044522027046744,159.68338932200828,-0.9,3.0,4,3.5261410191288984,False,True,5.22415982122178,53,17.709159380834848,339.198,in_progress,0.0,0
148,14.0,4.576007710476634,2.952885041058958,159.41063390654614,-10.1,1.7,11,0.001,False,True,6.078330883045729,54,17.709159380834848,339.27,in_progress,0.0,0
148,15.0,4.444482705316599,3.009652306567025,158.0170241120064,-2.1,1.4,15,0.001,False,True,6.899310138965586,55,17.709159380834848,339.323,in_progress,0.0,0
148,16.0,4.355558711079992,3.054167257596419,156.285028731268,-4.6,2.1,18,0.001,False,True,7.440566006749733,56,17.709159380834848,339.398,in_progress,0.0,0
148,17.0,4.2460336613596175,3.1142330486773586,153.93205585119713,0.5,3.5,2,3.3814233635687776,False,True,8.107950961342908,57,17.709159380834848,339.462,in_progress,0.0,0
148,18.0,4.13209122865484,3.185133934911562,151.07132241534322,2.3,1.7,6,0.001,False,True,8.810462370831146,58,17.709159380834848,339.526,in_progress,0.0,0
148,19.0,4.0150368210475955,3.256191693504333,149.80116279211322,-11.4,3.5,9,4.256180393788813,False,True,9.530091002898155,58,17.709159380834848,339.591,in_progress,0.0,0
148,20.0,3.905573769464692,3.323535120677439,149.07715667492815,-30.0,1.3,20,0.001,False,True,10.222532204109552,59,17.709159380834848,339.654,in_progress,0.0,0
148,21.0,3.805488203065674,3.3973797858274097,146.8404318365107,-10.1,1.7,11,0.001,False,True,10.901787129040713,60,17.709159380834848,339.715,in_progress,0.0,0
148,22.0,3.701782266762008,3.486970710887254,143.19827531325095,12.6,3.5,17,2.4834247672983953,False,True,11.663922239602304,61,17.709159380834848,339.792,in_progress,0.0,0
148,23.0,3.597839301184066,3.5730768644116218,141.9665152922193,16.3,1.7,8,0.001,False,True,12.411056691335537,62,17.709159380834848,339.863,in_progress,0.0,0
148,24.0,3.4905042316091897,3.6406829215831493,144.56863028358705,12.6,3.5,17,2.546216918371762,False,True,13.09033017990931,63,17.709159380834848,339.928,in_progress,0.0,0
148,25.0,3.3709927088653506,3.7045083082922177,148.09859347697267,0.3,2.7,13,0.001,False,False,13.797423953842364,64,17.709159380834848,340.002,in_progress,0.0,0
148,26.0,3.2311641463734704,3.7688511999802365,152.01877622130368,11.4,1.3,16,0.001,False,False,14.570291916665361,64,17.709159380834848,340.063,in_progress,0.0,0
148,27.0,3.1084554010806382,3.8162158759576443,155.25590883167,-0.9,3.0,4,0.001,False,False,15.21033666659653,65,17.709159380834848,340.127,in_progress,0.0,0
148,28.0,2.96793432726449,3.866401053093767,157.791455635986,-10.1,1.7,11,0.001,True,False,16.361644627617462,67,17.709159380834848,340.191,off_track,0.0,0
149,1.0,4.590739323529431,2.8813914935128886,157.38498800205204,-2.1,1.4,15,0.0,False,True,0.7909019655275462,54,17.709159380834848,340.333,prepare,0.0,0
149,2.0,4.590852408643577,2.8812854302833317,157.41801493397807,16.3,1.7,8,0.001,False,True,0.7900414090570129,54,17.709159380834848,340.401,in_progress,0.0,0
149,3.0,4.58242638993278,2.8866546438741234,156.83692117812876,0.3,2.7,13,0.001,False,True,0.8464602498480023,54,17.709159380834848,340.464,in_progress,0.0,0
149,4.0,4.557261273946262,2.8947355852379753,157.41340487904813,0.6,3.9,10,3.5195780469633275,False,True,0.9907799549714047,54,17.709159380834848,340.528,in_progress,0.0,0
149,5.0,4.5210890290151236,2.9062834086317944,158.197232383604,-0.9,3.0,4,0.001,False,True,1.1980187987687796,55,17.709159380834848,340.59,in_progress,0.0,0
149,6.0,4.470426753027214,2.925721750166312,158.39698247166618,-10.8,2.5,7,0.001,False,True,1.4981980333097222,55,17.709159380834848,340.662,in_progress,0.0,0
149,7.0,4.410209822313042,2.957744634861069,156.67223004727094,17.0,2.2,14,0.001,False,True,1.8467677400706983,55,17.709159380834848,340.721,in_progress,0.0,0
149,8.0,4.342136955510389,2.992336264448556,155.56322987527716,16.3,1.7,8,0.001,False,True,2.2630546042393007,56,17.709159380834848,340.782,in_progress,0.0,0
149,9.0,4.249178073581339,3.019154210367117,158.57906980922752,0.3,2.7,13,0.001,False,True,2.7042394928780524,56,17.709159380834848,340.859,in_progress,0.0,0
149,10.0,4.148787427533473,3.046422453147412,160.8041931705363,3.9,2.4,1,0.001,False,True,3.2043879617282336,57,17.709159380834848,340.93,in_progress,0.0,0
149,11.0,4.033984730786656,3.0765633876016136,162.69176565830313,-10.8,2.5,7,0.001,False,True,3.6903034674872046,57,17.709159380834848,340.989,in_progress,0.0,0
149,12.0,3.9171705708246773,3.1102281215561347,163.15259980942625,30.0,1.3,19,0.001,False,True,4.232684050596935,58,17.709159380834848,341.054,in_progress,0.0,0
149,13.0,3.799505949520544,3.148686377164057,162.5180211092844,11.4,1.3,16,0.001,False,False,4.817723463773904,59,17.709159380834848,341.126,in_progress,0.0,0
149,14.0,3.6851400652944686,3.176301867300549,164.31232939052921,0.6,3.9,10,0.001,False,False,5.3661972346874425,59,17.709159380834848,341.193,in_progress,0.0,0
149,15.0,3.564534398339491,3.197622227776453,166.8496496868743,23.0,1.4,0,0.001,False,False,5.887200785804225,60,17.709159380834848,341.256,in_progress,0.0,0
149,16.0,3.4405566316019356,3.203935390303901,171.92432815521533,16.3,1.7,8,0.001,True,False,6.357176542671972,61,17.709159380834848,341.318,off_track,0.0,0
150,1.0,3.97718577670161,3.512033382832313,129.25812450849529,3.9,2.4,1,0.0,False,True,0.7909944905236777,60,17.709159380834848,341.454,prepare,0.0,0
150,2.0,3.9772551891196195,3.5119887562300276,129.24753287051107,12.6,3.5,17,3.966792899242031,False,True,0.7905513581379364,60,17.709159380834848,341.524,in_progress,0.0,0
150,3.0,3.9715333385510223,3.516362492498109,129.727808182775,-0.9,3.0,4,4.7785038702989855,False,True,0.8301193734400192,60,17.709159380834848,341.588,in_progress,0.0,0
150,4.0,3.9575313692971044,3.533688352774433,129.63895998432557,0.3,2.7,13,4.408106118937679,False,True,0.9558988887574116,60,17.709159380834848,341.655,in_progress,0.0,0
150,5.0,3.933679402709656,3.557173960443736,130.47351020721004,-10.1,1.7,11,0.001,False,True,1.1437923137839867,60,17.709159380834848,341.721,in_progress,0.0,0
150,6.0,3.901564995938042,3.5994943860794875,129.771295770882,-10.1,1.7,11,0.001,False,True,1.443601311264553,61,17.709159380834848,341.789,in_progress,0.0,0
150,7.0,3.861562354934466,3.6575677256847543,128.30572365410347,23.0,1.4,0,0.001,False,True,1.840507328194263,61,17.709159380834848,341.854,in_progress,0.0,0
150,8.0,3.8190353757319735,3.716778774058906,127.51350558416856,-2.1,1.4,15,0.001,False,True,2.251404442529492,62,17.709159380834848,341.93,in_progress,0.0,0
150,9.0,3.7593667014233425,3.7819536026428406,129.1501319783843,-30.0,1.3,20,0.001,False,True,2.749539166430681,62,17.709159380834848,341.985,in_progress,0.0,0
150,10.0,3.7110527105267015,3.841645916155646,129.11218544315673,0.3,2.7,13,4.834801745358442,False,True,3.183180190054824,63,17.709159380834848,342.055,in_progress,0.0,0
150,11.0,3.648775279664247,3.9200137977937626,129.06410083755173,-0.9,3.0,4,4.273628743140043,False,True,3.7483687839839352,63,17.709159380834848,342.134,in_progress,0.0,0
150,12.0,3.563231404037738,4.007957510674669,131.26315625256527,7.3,1.5,3,0.001,False,True,4.4383860026819155,64,17.709159380834848,342.202,in_progress,0.0,0
150,13.0,3.4715594158919534,4.088991242887564,134.3965948247078,0.3,2.7,13,4.570970697447246,False,True,5.119585288998407,65,17.709159380834848,342.26,in_progress,0.0,0
150,14.0,3.3913435521459503,4.148538499984704,137.74599880725853,-30.0,1.3,20,0.001,False,True,5.665820266729282,66,17.709159380834848,342.311,in_progress,0.0,0
150,15.0,3.299771810966262,4.217359511869047,141.52437620301006,2.3,1.7,6,0.001,False,True,6.352005618075129,67,17.709159380834848,342.394,in_progress,0.0,0
150,16.0,3.208241292216155,4.283266942568959,143.26413035835176,17.0,2.2,14,4.140613487666923,False,True,7.0735981031722295,67,17.709159380834848,342.45,in_progress,0.0,0
150,17.0,3.1079391378955092,4.341960585639647,145.97520893100648,3.9,2.4,1,4.349240373881647,False,True,7.776397783012512,68,17.709159380834848,342.524,in_progress,0.0,0
150,18.0,2.9935030198953743,4.400010422963943,149.17069722619857,23.0,1.4,0,0.001,False,True,8.605836670745315,69,17.709159380834848,342.593,in_progress,0.0,0
150,19.0,2.8740982407590225,4.455256775473982,152.0159857246372,16.3,1.7,8,3.744363559069421,False,True,9.327831569787492,70,17.709159380834848,342.657,in_progress,0.0,0
150,20.0,2.7608205792428544,4.496136246666667,155.56260883412338,7.3,1.5,3,3.7353633862394533,False,True,10.012456878367193,71,17.709159380834848,342.74,in_progress,0.0,0
150,21.0,2.6293189348655392,4.5293696674531345,160.47213668864086,0.6,3.9,10,2.2680635854926563,False,True,10.755420671903703,72,17.709159380834848,342.781,in_progress,0.0,0
150,22.0,2.547287150623715,4.544640273260572,163.40725913105013,-30.0,1.3,20,3.6942252762810126,False,True,11.218807584871126,72,17.709159380834848,342.862,in_progress,0.0,0
150,23.0,2.412895691956049,4.570918578282002,167.79445687528087,7.3,1.5,3,4.252792053592182,False,True,11.961999629164332,73,17.709159380834848,342.94,in_progress,0.0,0
150,24.0,2.2944846109052426,4.595506758172793,168.1913760108341,0.3,2.7,13,2.221566080530319,False,True,12.6250944456333,74,17.709159380834848,342.986,in_progress,0.0,0
150,25.0,2.203163910002733,4.606428947442799,170.03341590852193,11.4,1.3,16,4.047583624375015,False,True,13.140325867116598,75,17.709159380834848,343.063,in_progress,0.0,0
150,26.0,2.0768734479708573,4.607896795730792,174.28125490340275,-0.9,3.0,4,2.2089481759601255,False,True,13.857148550481169,75,17.709159380834848,343.124,in_progress,0.0,0
150,27.0,1.956317923269233,4.600950115305027,178.2652235288753,-0.9,3.0,4,2.211922330642594,False,True,14.538566513903117,76,17.709159380834848,343.194,in_progress,0.0,0
150,28.0,1.8251374570627947,4.588704395096687,-178.55297571745984,-0.9,3.0,4,2.2103491272289655,False,True,15.277509861148797,77,17.709159380834848,343.269,in_progress,0.0,0
150,29.0,1.6756350253115346,4.571448973094002,-176.01840896264025,23.0,1.4,0,4.144901843052475,False,True,16.119908754748025,78,17.709159380834848,343.335,in_progress,0.0,0
150,30.0,1.5273874986453784,4.548807387226636,-173.67196901546262,16.3,1.7,8,3.9817541020596794,False,True,16.948274701368803,79,17.709159380834848,343.401,in_progress,0.0,0
150,31.0,1.3952975659020184,4.51852366704338,-170.50452483831546,23.0,1.4,0,4.048462774968672,False,True,17.70433334017535,80,17.709159380834848,343.472,in_progress,0.0,0
150,32.0,1.2729242350746,4.481709960693085,-167.18336984228435,23.0,1.4,0,4.022151011267784,False,True,18.360432953590035,81,17.709159380834848,343.522,in_progress,0.0,0
150,33.0,1.1952527242084876,4.452720195662787,-164.63460533229113,-0.9,3.0,4,2.0011210171148197,False,True,18.759151291809694,81,17.709159380834848,343.604,in_progress,0.0,0
150,34.0,1.053750638943591,4.398512778919429,-161.8925255240505,7.2,2.0,12,3.1280695225864177,False,True,19.530078296767506,82,17.709159380834848,343.658,in_progress,0.0,0
150,35.0,0.9400823010456945,4.3505631298343,-159.7690027973677,3.9,2.4,1,2.0741466409271885,False,True,20.198663727740474,83,17.709159380834848,343.733,in_progress,0.0,0
150,36.0,0.810439709953569,4.289156752495277,-157.2872358123188,-4.6,2.1,18,0.001,False,True,20.856264419831916,84,17.709159380834848,343.801,in_progress,0.0,0
150,37.0,0.6699302326080238,4.222856650823023,-156.0629414222674,16.3,1.7,8,0.001,False,True,21.475542950214223,84,17.709159380834848,343.854,in_progress,0.0,0
150,38.0,0.574471003166551,4.178848938686874,-155.78710769133002,7.2,2.0,12,0.001,False,True,21.982225932094856,85,17.709159380834848,343.926,in_progress,0.0,0
150,39.0,0.45225438002350865,4.110954846183001,-153.4469019358195,17.0,2.2,14,0.001,False,False,22.313331668934598,85,17.709159380834848,344.002,in_progress,0.0,0
150,40.0,0.32172403812170103,4.0225353547237725,-149.3213447027259,3.9,2.4,1,0.001,False,False,22.91084191012802,86,17.709159380834848,344.06,in_progress,0.0,0
150,41.0,0.2127108853425604,3.9319573700461534,-144.73268625236562,3.9,2.4,1,0.001,False,False,23.201504655180415,86,17.709159380834848,344.135,in_progress,0.0,0
150,42.0,0.09906273252684182,3.82422424207997,-140.30569290270236,0.3,2.7,13,0.001,True,False,23.750280088722263,87,17.709159380834848,344.197,off_track,0.0,0
151,1.0,3.4180380929557783,4.198868229640325,129.10051203172387,-30.0,1.3,20,0.0,False,True,0.7921177703789084,66,17.709159380834848,344.317,prepare,0.0,0
151,2.0,3.4183597645599857,4.198771344193391,129.02850330762516,23.0,1.4,0,0.001,False,True,0.7905505554073211,66,17.709159380834848,344.384,in_progress,0.0,0
151,3.0,3.411407740544418,4.205068701236384,129.32223699318868,23.0,1.4,0,0.001,False,True,0.8428826853200011,66,17.709159380834848,344.463,in_progress,0.0,0
151,4.0,3.3852608036256338,4.216787460419401,132.413537881125,16.3,1.7,8,0.001,False,True,0.9978551977414596,66,17.709159380834848,344.523,in_progress,0.0,0
151,5.0,3.3479039334453917,4.2326683147428055,136.37994587360194,-10.1,1.7,11,0.001,False,True,1.2130251306441076,66,17.709159380834848,344.598,in_progress,0.0,0
151,6.0,3.2973739821412686,4.257985838793917,140.13208257331505,-10.1,1.7,11,0.001,False,True,1.518898710001182,67,17.709159380834848,344.649,in_progress,0.0,0
151,7.0,3.255194838766494,4.292692294955294,140.2138255265434,-10.1,1.7,11,0.001,False,True,1.8768286036932147,67,17.709159380834848,344.716,in_progress,0.0,0
151,8.0,3.196723645355712,4.347913489430571,139.09065713805117,23.0,1.4,0,0.001,False,True,2.3220135813599496,68,17.709159380834848,344.794,in_progress,0.0,0
151,9.0,3.1237004678507034,4.411153360723341,139.02773438322347,12.2,2.7,5,3.6080128324939067,False,True,2.867089538464529,68,17.709159380834848,344.861,in_progress,0.0,0
151,10.0,3.0514344386082164,4.4550833867184645,142.17650324112188,12.2,2.7,5,3.55316416720227,False,True,3.342538178437382,69,17.709159380834848,344.923,in_progress,0.0,0
151,11.0,2.9589803635480636,4.4946465723861095,147.6517765478966,2.3,1.7,6,3.57651953466586,False,True,3.9008282594531485,69,17.709159380834848,344.998,in_progress,0.0,0
151,12.0,2.8487144097625,4.537446934323025,152.38921122227876,-4.6,2.1,18,3.918999352926792,False,True,4.504969013150739,70,17.709159380834848,345.057,in_progress,0.0,0
151,13.0,2.732604740853964,4.580560887424616,155.46847931066105,2.3,1.7,6,3.9468390510812283,False,True,5.179430219024772,71,17.709159380834848,345.135,in_progress,0.0,0
151,14.0,2.6118394121574178,4.621760839258584,158.0774843676227,-4.6,2.1,18,3.441162080329481,False,True,5.855159098743368,72,17.709159380834848,345.206,in_progress,0.0,0
151,15.0,2.4937581521663352,4.661574093625139,159.4197474769221,-10.8,2.5,7,2.2515893269749494,False,True,6.522384649391222,73,17.709159380834848,345.262,in_progress,0.0,0
151,16.0,2.3864173573178986,4.699687660091551,159.81079305728196,7.3,1.5,3,4.000998095600453,False,True,7.08472057580688,73,17.709159380834848,345.327,in_progress,0.0,0
151,17.0,2.263150767298328,4.7434144221254835,160.15074393158017,3.9,2.4,1,2.0741466409271885,False,True,7.775937829340373,74,17.709159380834848,345.393,in_progress,0.0,0
151,18.0,2.1388183393094597,4.776658060241679,162.33514186631297,-4.6,2.1,18,2.82231983077561,False,True,8.47135392952426,75,17.709159380834848,345.453,in_progress,0.0,0
151,19.0,2.018590485848261,4.798769488761955,165.50791876368575,-10.1,1.7,11,3.845258163602839,False,True,9.156960992516527,76,17.709159380834848,345.527,in_progress,0.0,0
151,20.0,1.8798085357892607,4.822079694148653,168.1518628844612,11.4,1.3,16,0.001,False,False,9.93635886220513,77,17.709159380834848,345.596,in_progress,0.0,0
151,21.0,1.7525102146840907,4.8386643756415095,170.16092293812758,-0.9,3.0,4,0.001,False,False,10.641066598739702,78,17.709159380834848,345.657,in_progress,0.0,0
151,22.0,1.637095094915063,4.846980450395226,172.53863497505407,16.3,1.7,8,0.001,False,False,11.273359497916625,78,17.709159380834848,345.731,in_progress,0.0,0
151,23.0,1.5102898118141341,4.843991549797099,176.5295470543912,17.0,2.2,14,0.001,False,False,11.927439262956662,79,17.709159380834848,345.797,in_progress,0.0,0
151,24.0,1.3792490502028087,4.82631350118091,-178.2076600018104,23.0,1.4,0,0.001,False,False,12.672585534314395,80,17.709159380834848,345.866,in_progress,0.0,0
151,25.0,1.2589944660709864,4.799250453160013,-173.15091621678366,-4.6,2.1,18,0.001,False,False,12.959562910791188,80,17.709159380834848,345.927,in_progress,0.0,0
151,26.0,1.1509933708432736,4.772704327084722,-170.376122209723,16.3,1.7,8,0.001,False,False,13.587327821715112,81,17.709159380834848,345.99,in_progress,0.0,0
151,27.0,1.0340272214122248,4.73750110158542,-167.3346977069726,7.2,2.0,12,0.001,False,False,13.770133099237514,81,17.709159380834848,346.064,in_progress,0.0,0
151,28.0,0.907324273302087,4.68359477553555,-162.37141907276572,-2.1,1.4,15,0.001,False,False,14.45583279959708,82,17.709159380834848,346.133,in_progress,0.0,0
151,29.0,0.7955871816016065,4.631752375993868,-159.1431549690226,23.0,1.4,0,0.001,False,False,14.827854375107474,82,17.709159380834848,346.184,in_progress,0.0,0
151,30.0,0.6963467471898723,4.5835945767873785,-157.10216181139506,0.5,3.5,2,0.001,False,False,15.30857823265931,83,17.709159380834848,346.265,in_progress,0.0,0
151,31.0,0.6006201920837114,4.529832185732628,-154.49180747841115,7.3,1.5,3,0.001,False,False,15.652072168440402,83,17.709159380834848,346.328,in_progress,0.0,0
151,32.0,0.5006311528994499,4.462336609351886,-150.7687432789825,0.3,2.7,13,0.001,False,False,16.182856350201334,84,17.709159380834848,346.397,in_progress,0.0,0
151,33.0,0.4028310319941425,4.389109058736274,-147.51026868765004,-2.1,1.4,15,0.001,True,False,16.53627082797947,84,17.709159380834848,346.458,off_track,0.0,0
152,1.0,2.6228363217855084,4.497694607868266,179.1047005236401,7.3,1.5,3,0.0,False,True,0.7916716399415491,72,17.709159380834848,346.586,prepare,0.0,0
152,2.0,2.6230360020671357,4.497829514428474,179.0787557474806,-11.4,3.5,9,2.35248121157049,False,True,0.7905456002215816,72,17.709159380834848,346.656,in_progress,0.0,0
152,3.0,2.6131922595861696,4.495253761312916,179.75402831166014,-4.6,2.1,18,3.7654563989066934,False,True,0.846102226872536,72,17.709159380834848,346.727,in_progress,0.0,0
152,4.0,2.591866551871877,4.494764139654978,179.96192252231685,-0.9,3.0,4,2.3771190900171466,False,True,0.9665184116151249,72,17.709159380834848,346.799,in_progress,0.0,0
152,5.0,2.54180834299997,4.497565405064942,179.2259796041337,0.3,2.7,13,2.3968433765770856,False,True,1.2492177102609414,72,17.709159380834848,346.85,in_progress,0.0,0
152,6.0,2.5051892935002575,4.498261780301635,179.14582236128587,0.3,2.7,13,2.4091364412948906,False,True,1.4560053874775325,73,17.709159380834848,346.923,in_progress,0.0,0
152,7.0,2.4290371678662463,4.498938627088519,179.18180472838014,2.3,1.7,6,4.278589342997481,False,True,1.8858361179502348,73,17.709159380834848,346.987,in_progress,0.0,0
152,8.0,2.354586291879495,4.497675454160789,179.6933829447233,0.3,2.7,13,2.463975676119772,False,True,2.3062234253574454,74,17.709159380834848,347.053,in_progress,0.0,0
152,9.0,2.2578589978337114,4.495158180375597,-179.726757661723,-2.1,1.4,15,4.4492604074406295,False,True,2.8526386234200007,74,17.709159380834848,347.118,in_progress,0.0,0
152,10.0,2.15775734518851,4.495216007219893,-179.90985974445053,12.6,3.5,17,2.5031685420863816,False,True,3.417565702279235,75,17.709159380834848,347.196,in_progress,0.0,0
152,11.0,2.0445229072731954,4.491950868850281,-179.16793342573766,-0.9,3.0,4,2.50882640495828,False,True,4.057483248487193,76,17.709159380834848,347.259,in_progress,0.0,0
152,12.0,1.9202785286154855,4.478015504273845,-176.64931168067213,23.0,1.4,0,4.489306927701972,False,True,4.760943965059949,76,17.709159380834848,347.327,in_progress,0.0,0
152,13.0,1.7768566515956792,4.457537138707778,-174.3924415879982,23.0,1.4,0,4.486305793487295,False,True,5.574308366270364,77,17.709159380834848,347.394,in_progress,0.0,0
152,14.0,1.6719168703215321,4.4317180917685,-171.11569455372677,23.0,1.4,0,4.504093543207779,False,True,6.173339157770686,78,17.709159380834848,347.462,in_progress,0.0,0
152,15.0,1.5714760226690614,4.399012495115862,-167.53719418832978,7.2,2.0,12,3.673768729194299,False,True,6.747624027747223,79,17.709159380834848,347.524,in_progress,0.0,0
152,16.0,1.4676661176700063,4.352951758737759,-162.78128486093098,-30.0,1.3,20,4.405998812636891,False,True,7.362400590668661,80,17.709159380834848,347.595,in_progress,0.0,0
152,17.0,1.3680913002882618,4.310384440097032,-160.24418729216978,17.0,2.2,14,3.0971281456301307,False,True,8.09957995786067,80,17.709159380834848,347.658,in_progress,0.0,0
152,18.0,1.2732262418482363,4.266766196448136,-158.176790616041,-0.9,3.0,4,2.521218762018355,False,True,8.886591343821227,81,17.709159380834848,347.722,in_progress,0.0,0
152,19.0,1.172313434066353,4.2153290066918165,-156.17815743654145,3.9,2.4,1,2.554111574290075,False,True,9.664720325897736,82,17.709159380834848,347.792,in_progress,0.0,0
152,20.0,1.0420636453911694,4.146465592134687,-154.10684979014047,23.0,1.4,0,4.391785995116075,False,True,10.568923991769308,83,17.709159380834848,347.855,in_progress,0.0,0
152,21.0,0.9350624487282931,4.0809493169611075,-151.6580757243926,-4.6,2.1,18,3.107378376549626,False,True,11.306844801632842,84,17.709159380834848,347.921,in_progress,0.0,0
152,22.0,0.8110378054457348,4.006962382433333,-150.70073829458465,12.6,3.5,17,2.118465437546544,False,True,12.043975079854219,85,17.709159380834848,347.996,in_progress,0.0,0
152,23.0,0.6852738342486969,3.932379260802889,-149.9254156310205,-2.1,1.4,15,3.477947652550192,False,True,12.717383059124476,86,17.709159380834848,348.069,in_progress,0.0,0
152,24.0,0.5608985615480215,3.83634141231432,-145.46867319496798,0.3,2.7,13,0.001,False,True,13.31220494116444,86,17.709159380834848,348.123,in_progress,0.0,0
152,25.0,0.4532361950034324,3.741905415038893,-141.90354238403543,0.5,3.5,2,0.001,False,True,13.750280088722256,87,17.709159380834848,348.187,in_progress,0.0,0
152,26.0,0.3491659013003066,3.6374340904978713,-138.19837022908624,23.0,1.4,0,0.001,False,True,14.3310351086675,88,17.709159380834848,348.25,in_progress,0.0,0
152,27.0,0.251082488289608,3.5184776663435593,-132.92077577265897,7.3,1.5,3,0.001,False,False,14.776984456601749,88,17.709159380834848,348.331,in_progress,0.0,0
152,28.0,0.1658616366073999,3.396405741015531,-128.66577700248234,-10.1,1.7,11,0.001,False,False,15.440604337698794,89,17.709159380834848,348.394,in_progress,0.0,0
152,29.0,0.09431053107606596,3.2978412455948694,-127.53355294049898,0.5,3.5,2,0.001,True,False,15.642484789960974,89,17.709159380834848,348.463,off_track,0.0,0
153,1.0,1.7378018158427453,4.476869955029125,-178.37817518230685,17.0,2.2,14,0.0,False,True,0.7911405856961262,78,17.709159380834848,348.594,prepare,0.0,0
153,2.0,1.7379031774599478,4.477011560247322,-178.43605380624362,16.3,1.7,8,4.302457183609933,False,True,0.7905422774273863,78,17.709159380834848,348.668,in_progress,0.0,0
153,3.0,1.7287501881471186,4.479244865930275,-179.11881919116678,16.3,1.7,8,4.292423166561206,False,True,0.84178550795172,78,17.709159380834848,348.719,in_progress,0.0,0
153,4.0,1.7101087195978257,4.474379897829004,-178.03060820813675,-30.0,1.3,20,4.294182548955944,False,True,0.94789512389859,78,17.709159380834848,348.792,in_progress,0.0,0
153,5.0,1.6779482157516112,4.477695222567581,-178.97341304682848,7.2,2.0,12,3.555563254646958,False,True,1.128632010608488,78,17.709159380834848,348.862,in_progress,0.0,0
153,6.0,1.6369056307115326,4.482113660848575,179.8196447974022,-30.0,1.3,20,4.240093485794812,False,True,1.3591687996939883,78,17.709159380834848,348.924,in_progress,0.0,0
153,7.0,1.5800812164456852,4.494641007610013,177.0485406828913,23.0,1.4,0,4.279093193976316,False,True,1.6768636464531195,79,17.709159380834848,348.998,in_progress,0.0,0
153,8.0,1.5134123572701497,4.504959822441528,175.56507110528378,16.3,1.7,8,4.076533390886743,False,True,2.044395248952746,79,17.709159380834848,349.05,in_progress,0.0,0
153,9.0,1.444505061068862,4.495955662069772,178.7927502473953,-4.6,2.1,18,3.0113413713052104,False,True,2.436111847962974,80,17.709159380834848,349.121,in_progress,0.0,0
153,10.0,1.3673673944858167,4.481593353817427,-177.726018188,11.4,1.3,16,3.9932532983241757,False,True,2.8464984572497354,80,17.709159380834848,349.194,in_progress,0.0,0
153,11.0,1.261960587137264,4.4637631355685325,-174.82795483989986,7.2,2.0,12,3.204952129814707,False,True,3.447056646542246,81,17.709159380834848,349.254,in_progress,0.0,0
153,12.0,1.1797930565433385,4.43967290947968,-171.1663136318174,30.0,1.3,19,3.8476639260740138,False,True,3.871289167122338,81,17.709159380834848,349.326,in_progress,0.0,0
153,13.0,1.076518266354231,4.398950432193078,-166.09712271180686,7.2,2.0,12,3.1280695225864177,False,True,4.45583279959707,82,17.709159380834848,349.389,in_progress,0.0,0
153,14.0,0.9912294837796781,4.3573318190272365,-161.74875071432146,-2.1,1.4,15,3.96065167299526,False,True,4.950650980313187,83,17.709159380834848,349.474,in_progress,0.0,0
153,15.0,0.8758511131503199,4.307187914582892,-159.62300288293557,11.4,1.3,16,3.8431384846540673,False,True,5.531957576305391,83,17.709159380834848,349.524,in_progress,0.0,0
153,16.0,0.810308577838201,4.27740103245372,-158.48031597429403,23.0,1.4,0,0.001,False,True,5.905772052960046,84,17.709159380834848,349.592,in_progress,0.0,0
153,17.0,0.7211696276737107,4.226573913064557,-155.43096752023024,30.0,1.3,19,0.001,False,True,6.296908628922971,84,17.709159380834848,349.664,in_progress,0.0,0
153,18.0,0.6457099201076802,4.170069751080912,-151.0682357128979,-30.0,1.3,20,3.8431384846540673,False,True,6.799269626153537,85,17.709159380834848,349.722,in_progress,0.0,0
153,19.0,0.571627570255569,4.122192865819852,-149.77820360780237,-10.8,2.5,7,2.4511733399416284,False,True,7.064549650000751,85,17.709159380834848,349.791,in_progress,0.0,0
153,20.0,0.4831433542475448,4.083992131781648,-152.31249053526636,-10.8,2.5,7,2.4511733399416284,False,True,7.383952129411419,85,17.709159380834848,349.861,in_progress,0.0,0
153,21.0,0.37194225503075234,4.0546362425648566,-157.77861800170115,-30.0,1.3,20,0.001,False,False,7.78509203770279,86,17.709159380834848,349.911,in_progress,0.0,0
153,22.0,0.27471229671976344,4.039895212638771,-163.21555682714134,17.0,2.2,14,0.001,False,False,7.910841910128008,86,17.709159380834848,349.984,in_progress,0.0,0
153,23.0,0.15045530088093734,4.018307561409105,-166.51689229777796,-10.1,1.7,11,0.001,False,False,7.910841910128008,86,17.709159380834848,350.053,in_progress,0.0,0
153,24.0,0.030362803470854488,3.995347225472344,-167.7365338790304,0.3,2.7,13,0.001,True,False,8.070052199694345,86,17.709159380834848,350.118,off_track,0.0,0
154,1.0,0.9302471233165812,4.19636686816329,-140.77075590292873,11.4,1.3,16,0.0,False,True,0.7867751865162642,84,17.709159380834848,350.245,prepare,0.0,0
154,2.0,0.9302857508678344,4.196530556767571,-140.80572364037081,23.0,1.4,0,4.069953797011372,False,True,0.785945664918164,84,17.709159380834848,350.326,in_progress,0.0,0
154,3.0,0.9239902078356822,4.189770625944637,-140.56513715076943,11.4,1.3,16,3.9482519857719804,False,True,0.8381052883374207,84,17.709159380834848,350.404,in_progress,0.0,0
154,4.0,0.9077627762617889,4.16685931640713,-138.74752899489303,-4.6,2.1,18,2.924507845590278,False,True,0.9954263600381985,84,17.709159380834848,350.461,in_progress,0.0,0
154,5.0,0.8845645661210325,4.1432297806869665,-138.19314684418936,-4.6,2.1,18,2.9072251813251513,False,True,1.1822917342440453,84,17.709159380834848,350.524,in_progress,0.0,0
154,6.0,0.8433640590606787,4.109194731656489,-138.68406625081994,-2.1,1.4,15,4.002535690795782,False,True,1.462887557668091,84,17.709159380834848,350.597,in_progress,0.0,0
154,7.0,0.7898974144320701,4.068686699902707,-139.8833113294662,0.3,2.7,13,2.001,False,True,1.8210477323964191,85,17.709159380834848,350.658,in_progress,0.0,0
154,8.0,0.7350717306080118,4.02506395916957,-140.3522696700098,-0.9,3.0,4,2.001,False,True,2.125415979156975,85,17.709159380834848,350.716,in_progress,0.0,0
154,9.0,0.6596213730843201,3.9635656359568165,-140.47785300163608,3.9,2.4,1,2.74379765734968,False,True,2.6131435009364656,86,17.709159380834848,350.789,in_progress,0.0,0
154,10.0,0.5749583471819003,3.8913570181143853,-140.0229148114582,16.3,1.7,8,0.001,False,True,2.991772521575309,86,17.709159380834848,350.868,in_progress,0.0,0
154,11.0,0.4841872833180176,3.796290291808848,-137.0597824261246,-4.6,2.1,18,0.001,False,True,3.6250810060583727,87,17.709159380834848,350.922,in_progress,0.0,0
154,12.0,0.4061296814466966,3.717387814310462,-136.17436918746108,-11.4,3.5,9,0.001,False,True,3.865334322414482,87,17.709159380834848,350.994,in_progress,0.0,0
154,13.0,0.29935514774859984,3.6291951568323846,-138.4944850758212,23.0,1.4,0,0.001,False,False,4.39035505780212,88,17.709159380834848,351.061,in_progress,0.0,0
154,14.0,0.19438002339486843,3.551429378082375,-141.86261634339905,11.4,1.3,16,0.001,False,False,4.60251406597576,88,17.709159380834848,351.13,in_progress,0.0,0
154,15.0,0.10148620191874749,3.4712248146427678,-140.87248747509082,7.3,1.5,3,0.001,True,False,4.99995760883124,88,17.709159380834848,351.191,off_track,0.0,0
155,1.0,0.7183156524892301,3.3627827941283646,-86.98783678625112,7.2,2.0,12,0.0,False,True,0.7894760700292824,89,17.709159380834848,351.325,prepare,0.0,0
155,2.0,0.7180821909870891,3.3628252092569237,-87.04823796134706,0.6,3.9,10,2.4838757904059383,False,True,0.7890483310219576,89,17.709159380834848,351.391,in_progress,0.0,0
155,3.0,0.7179353022288797,3.3525031564785475,-87.28377280766865,23.0,1.4,0,0.001,False,True,0.8466014646888786,89,17.709159380834848,351.456,in_progress,0.0,0
155,4.0,0.7326319295349994,3.3270171213365116,-84.1346474273909,0.6,3.9,10,2.529408637058216,False,True,1.0010093160883748,90,17.709159380834848,351.535,in_progress,0.0,0
155,5.0,0.75423696210947,3.2873697068719046,-80.00170327291757,0.3,2.7,13,3.581979413320249,False,True,1.2401865805113155,90,17.709159380834848,351.595,in_progress,0.0,0
155,6.0,0.7740023898004963,3.2293278609837737,-77.73526663707595,7.3,1.5,3,0.001,False,True,1.5953418897583727,90,17.709159380834848,351.653,in_progress,0.0,0
155,7.0,0.7944035356229092,3.1709167675330887,-76.08144824663817,-10.8,2.5,7,4.723060612131739,False,True,1.943057723967423,91,17.709159380834848,351.723,in_progress,0.0,0
155,8.0,0.8192631373083527,3.0913111400963915,-75.07957434242108,-30.0,1.3,20,0.001,False,True,2.420210285064972,91,17.709159380834848,351.793,in_progress,0.0,0
155,9.0,0.8299933606479359,2.9942091322019815,-78.13201313885538,0.3,2.7,13,4.6682463650429495,False,True,2.9644661360811897,92,17.709159380834848,351.859,in_progress,0.0,0
155,10.0,0.8375817104842836,2.887655945630968,-81.20115673499001,23.0,1.4,0,0.001,False,True,3.5554592007085994,93,17.709159380834848,351.936,in_progress,0.0,0
155,11.0,0.8576759650981777,2.7686667461370345,-80.89894441082987,-2.1,1.4,15,0.001,False,True,4.236107878013584,93,17.709159380834848,351.986,in_progress,0.0,0
155,12.0,0.8725548866011159,2.7026943457962833,-79.94288569527312,-2.1,1.4,15,0.001,False,True,4.617991697581026,94,17.709159380834848,352.073,in_progress,0.0,0
155,13.0,0.8921481491393864,2.582630327253962,-80.28311391862205,2.3,1.7,6,0.001,False,True,5.304781457827268,95,17.709159380834848,352.131,in_progress,0.0,0
155,14.0,0.9078060606403079,2.4944240629790064,-80.193866769978,17.0,2.2,14,4.898890560852317,False,True,5.8104257715344225,95,17.709159380834848,352.188,in_progress,0.0,0
155,15.0,0.9338306505592107,2.385393459627343,-78.64424207434327,23.0,1.4,0,0.001,False,True,6.443114191080435,96,17.709159380834848,352.257,in_progress,0.0,0
155,16.0,0.9744153908989085,2.2778973712613215,-74.65897424421084,7.3,1.5,3,0.001,False,True,7.083992505123071,97,17.709159380834848,352.32,in_progress,0.0,0
155,17.0,1.0135824954969745,2.185048806633847,-71.80078518378258,-2.1,1.4,15,4.129624791094904,False,True,7.64225942255451,97,17.709159380834848,352.385,in_progress,0.0,0
155,18.0,1.048383816089442,2.0887150481557337,-71.22517730901123,30.0,1.3,19,0.001,False,True,8.214801904258174,98,17.709159380834848,352.46,in_progress,0.0,0
155,19.0,1.0878938306831163,1.9856600995017681,-70.36323554771161,2.3,1.7,6,4.925462278226835,False,True,8.82989856839127,99,17.709159380834848,352.522,in_progress,0.0,0
155,20.0,1.1263061869456505,1.892524572815079,-69.37149536244395,0.3,2.7,13,2.9147726607786053,False,True,9.388758558617194,100,17.709159380834848,352.591,in_progress,0.0,0
155,21.0,1.1658820308762012,1.785624728747578,-69.54456433933005,-10.1,1.7,11,4.92040634054843,False,True,10.02544482729817,100,17.709159380834848,352.657,in_progress,0.0,0
155,22.0,1.200891931163038,1.6782131010025385,-70.52506135158578,-10.1,1.7,11,4.955894886460417,False,True,10.66096561636497,101,17.709159380834848,352.722,in_progress,0.0,0
155,23.0,1.225905659135306,1.5772059861335075,-72.64532700816035,-10.1,1.7,11,4.976737575629701,False,True,11.248186179544229,102,17.709159380834848,352.785,in_progress,0.0,0
155,24.0,1.2484204805707713,1.4599987092227575,-75.38039721948674,23.0,1.4,0,4.5869899954769915,False,True,11.926000054776376,103,17.709159380834848,352.852,in_progress,0.0,0
155,25.0,1.2690013727095444,1.3493515858321907,-77.05526830510863,16.3,1.7,8,4.757370649253435,False,True,12.601428148048177,103,17.709159380834848,352.925,in_progress,0.0,0
155,26.0,1.3000965840947813,1.2411013114349525,-75.76734780921755,7.2,2.0,12,4.2386921364016095,False,True,13.287942566624512,104,17.709159380834848,352.989,in_progress,0.0,0
155,27.0,1.343298643148193,1.13287753573263,-72.58161109375118,16.3,1.7,8,4.541609629765081,False,True,14.085772053520529,105,17.709159380834848,353.055,in_progress,0.0,0
155,28.0,1.3985470657571315,1.0243282565050031,-68.46602084618813,11.4,1.3,16,3.923954375134426,False,True,14.766001662100026,106,17.709159380834848,353.128,in_progress,0.0,0
155,29.0,1.4634233830003494,0.9190453781691272,-63.97440823714826,7.2,2.0,12,0.001,False,True,15.506230498818718,107,17.709159380834848,353.201,in_progress,0.0,0
155,30.0,1.5401684529473871,0.8209288702399945,-58.660749107375146,30.0,1.3,19,0.001,False,True,16.27388697642117,108,17.709159380834848,353.261,in_progress,0.0,0
155,31.0,1.6078882752385981,0.7429910118688543,-55.00396475837862,30.0,1.3,19,0.001,False,True,16.794067570497095,108,17.709159380834848,353.323,in_progress,0.0,0
155,32.0,1.6807766802741466,0.6679571677463405,-51.49748575540749,-11.4,3.5,9,2.0667079029169164,False,True,17.31918427297434,109,17.709159380834848,353.402,in_progress,0.0,0
155,33.0,1.760838922862833,0.5809343694389362,-50.1578876801704,7.3,1.5,3,0.001,False,True,17.8122158861608,110,17.709159380834848,353.463,in_progress,0.0,0
155,34.0,1.8289423836007255,0.4974903420323384,-50.480723975967074,-4.6,2.1,18,0.001,False,True,18.227168125475124,110,17.709159380834848,353.527,in_progress,0.0,0
155,35.0,1.895042237186549,0.4210291633761118,-50.0149932939753,30.0,1.3,19,0.001,False,True,18.638969295601616,110,17.709159380834848,353.599,in_progress,0.0,0
155,36.0,1.9751395234026936,0.3262423273839719,-50.07213382814145,-30.0,1.3,20,0.001,False,False,19.077097631741236,111,17.709159380834848,353.67,in_progress,0.0,0
155,37.0,2.0462846722966934,0.23826086560905269,-50.61943687416547,16.3,1.7,8,0.001,False,False,19.477802415905686,111,17.709159380834848,353.733,in_progress,0.0,0
155,38.0,2.1138266366397755,0.1488491685931822,-51.44691758242961,16.3,1.7,8,0.001,False,False,19.89892263616667,112,17.709159380834848,353.79,in_progress,0.0,0
155,39.0,2.1678617875871664,0.09472346034286615,-49.57323197056855,11.4,1.3,16,0.001,False,False,20.025572177310526,112,17.709159380834848,353.856,in_progress,0.0,0
155,40.0,2.258648106196819,0.022426224502676576,-44.89085119565367,0.3,2.7,13,0.001,True,False,20.545995689509322,113,17.709159380834848,353.928,off_track,0.0,0
156,1.0,0.9214475578145335,2.5006584360507653,-78.22795141691591,17.0,2.2,14,0.0,False,True,0.7915852758374919,95,17.709159380834848,354.053,prepare,0.0,0
156,2.0,0.9211962625833507,2.50079334909448,-78.30704819935738,-10.1,1.7,11,0.001,False,True,0.7905513493415839,95,17.709159380834848,354.141,in_progress,0.0,0
156,3.0,0.9258429684000888,2.4874887726220187,-77.78969520438106,-10.1,1.7,11,0.001,False,True,0.8694410000739006,95,17.709159380834848,354.17,in_progress,0.0,0
156,4.0,0.9281456579224989,2.4671935944521484,-78.27019152995842,23.0,1.4,0,0.001,False,True,0.98429794682382,96,17.709159380834848,354.258,in_progress,0.0,0
156,5.0,0.9388555803230886,2.4313630755038607,-77.52596480901101,7.2,2.0,12,4.6652885046450585,False,True,1.1946881891742644,96,17.709159380834848,354.33,in_progress,0.0,0
156,6.0,0.9638124040340409,2.3823506017803053,-74.3621999599239,-10.1,1.7,11,4.414437656840287,False,True,1.4942849470983899,96,17.709159380834848,354.389,in_progress,0.0,0
156,7.0,0.9825925849916929,2.3301505401431797,-73.42348671629325,0.5,3.5,2,2.956242501417238,False,True,1.804432434176717,97,17.709159380834848,354.45,in_progress,0.0,0
156,8.0,1.0009522269571105,2.264130040089259,-73.68171249971651,12.2,2.7,5,3.7417916362047103,False,True,2.190516586191138,97,17.709159380834848,354.523,in_progress,0.0,0
156,9.0,1.047083719309558,2.1626454179105616,-70.30181157656719,-2.1,1.4,15,4.0584923894134235,False,True,2.8045181478655867,98,17.709159380834848,354.59,in_progress,0.0,0
156,10.0,1.0866528254666992,2.083315496668431,-68.01327791448728,-10.8,2.5,7,3.6340157945909795,False,True,3.2885099549701424,98,17.709159380834848,354.665,in_progress,0.0,0
156,11.0,1.1309553675000532,1.9731979834944027,-68.1968648102787,23.0,1.4,0,4.547062599885658,False,True,3.9479825989655826,99,17.709159380834848,354.73,in_progress,0.0,0
156,12.0,1.1649688293954181,1.8717834490641219,-70.21309487421506,0.6,3.9,10,2.8411006984386318,False,True,4.54768881943669,100,17.709159380834848,354.801,in_progress,0.0,0
156,13.0,1.209156285808984,1.758608432581435,-69.52371870530999,0.6,3.9,10,2.8446595342711856,False,True,5.22446203261171,101,17.709159380834848,354.864,in_progress,0.0,0
156,14.0,1.2665912494618328,1.6384488399877264,-67.15730748579787,-2.1,1.4,15,4.56818490002623,False,True,5.956967195599927,101,17.709159380834848,354.924,in_progress,0.0,0
156,15.0,1.3181142722723547,1.5320812318845272,-65.87889293222246,7.2,2.0,12,4.464990206312598,False,True,6.611595313611041,102,17.709159380834848,354.982,in_progress,0.0,0
156,16.0,1.371714016854358,1.4272837129913973,-64.63022227458254,-4.6,2.1,18,4.233911045458221,False,True,7.254060366701021,103,17.709159380834848,355.051,in_progress,0.0,0
156,17.0,1.43817449289551,1.305810997948968,-63.190756955940444,0.6,3.9,10,2.963521540048693,False,True,8.230836868935532,104,17.709159380834848,355.125,in_progress,0.0,0
156,18.0,1.5114557781952789,1.1736658418770178,-61.996868654541274,11.4,1.3,16,4.418428980599585,False,True,9.449247160967388,106,17.709159380834848,355.191,in_progress,0.0,0
156,19.0,1.593441965517592,1.0522768972404832,-58.67802306788472,7.2,2.0,12,4.413344766807614,False,True,10.929605108906815,107,17.709159380834848,355.266,in_progress,0.0,0
156,20.0,1.6805116993803364,0.9401489527372369,-55.458309834824426,12.2,2.7,5,3.2223606395639006,False,True,11.828139966978867,108,17.709159380834848,355.327,in_progress,0.0,0
156,21.0,1.7718579208597054,0.8370382210066802,-52.06992984374558,23.0,1.4,0,0.001,False,True,12.575023387729578,109,17.709159380834848,355.4,in_progress,0.0,0
156,22.0,1.8834833932576578,0.7354574404249534,-46.47582185340148,16.3,1.7,8,0.001,False,True,13.32148360336678,110,17.709159380834848,355.456,in_progress,0.0,0
156,23.0,1.9880647079280864,0.6550751273850011,-42.23028368063103,-30.0,1.3,20,0.001,False,True,13.970660351929343,111,17.709159380834848,355.528,in_progress,0.0,0
156,24.0,2.090535874086764,0.5830059324329412,-38.99451383366811,-10.8,2.5,7,4.230847402524599,False,True,14.568836430117694,112,17.709159380834848,355.592,in_progress,0.0,0
156,25.0,2.1686485724281,0.5208862861751036,-38.84248539597135,-4.6,2.1,18,0.001,False,True,14.983641776701928,112,17.709159380834848,355.652,in_progress,0.0,0
156,26.0,2.26004095951373,0.4283356078980513,-41.893374771264845,23.0,1.4,0,0.001,False,True,15.509690851781476,113,17.709159380834848,355.724,in_progress,0.0,0
156,27.0,2.3494239710306717,0.3427171337288646,-42.69391632870399,23.0,1.4,0,0.001,False,True,15.92275189630119,113,17.709159380834848,355.801,in_progress,0.0,0
156,28.0,2.448694270605527,0.2677909573017152,-40.11359902621994,3.9,2.4,1,0.001,False,False,16.468104105567672,114,17.709159380834848,355.866,in_progress,0.0,0
156,29.0,2.547028313521819,0.19395904714637616,-38.875523998718805,11.4,1.3,16,0.001,False,False,17.018267506723262,114,17.709159380834848,355.934,in_progress,0.0,0
156,30.0,2.641155996920574,0.12637798435608227,-37.55518770508102,23.0,1.4,0,0.001,False,False,17.58714520431629,115,17.709159380834848,356.001,in_progress,0.0,0
156,31.0,2.7383738446346446,0.07124630920505262,-34.300624284219154,-4.6,2.1,18,0.001,True,False,18.131164879168004,116,17.709159380834848,356.066,off_track,0.0,0
157,1.0,1.100717935470261,1.6336251710919596,-78.32398491956066,3.9,2.4,1,0.0,False,True,0.791099201581702,101,17.709159380834848,356.189,prepare,0.0,0
157,2.0,1.10087504921189,1.6337574039001104,-78.27851755465012,-2.1,1.4,15,4.469878420167934,False,True,0.7905508113053128,101,17.709159380834848,356.263,in_progress,0.0,0
157,3.0,1.1052252315808004,1.6233183625612968,-77.77129992480485,0.3,2.7,13,2.7517832496251984,False,True,0.8532884169055066,101,17.709159380834848,356.329,in_progress,0.0,0
157,4.0,1.1083559171049995,1.5996030325385322,-78.30939282213963,7.2,2.0,12,4.322796853356623,False,True,0.9879783128764807,101,17.709159380834848,356.4,in_progress,0.0,0
157,5.0,1.1160977980592814,1.561605606658776,-78.3320630743157,23.0,1.4,0,4.420185590355553,False,True,1.2069463401874092,102,17.709159380834848,356.461,in_progress,0.0,0
157,6.0,1.1319352853801703,1.5134304491073356,-77.00644672582543,7.2,2.0,12,4.276087911235402,False,True,1.4917589294253353,102,17.709159380834848,356.524,in_progress,0.0,0
157,7.0,1.1544712175821243,1.4532098940152696,-75.15791757405042,2.3,1.7,6,4.649740051352483,False,True,1.85105486044147,102,17.709159380834848,356.583,in_progress,0.0,0
157,8.0,1.174725358102618,1.380994473639051,-74.96768764982987,7.3,1.5,3,4.480758035098666,False,True,2.2738152347184015,103,17.709159380834848,356.656,in_progress,0.0,0
157,9.0,1.2021854266874967,1.2932572730580705,-74.23193904448769,-4.6,2.1,18,3.8645522977908477,False,True,2.8004263290322573,104,17.709159380834848,356.721,in_progress,0.0,0
157,10.0,1.2294290699998156,1.1872254326559057,-74.89956411246845,16.3,1.7,8,4.410348367188933,False,True,3.426371804400008,104,17.709159380834848,356.792,in_progress,0.0,0
157,11.0,1.2621654119702406,1.071142765543297,-74.59071721682527,12.2,2.7,5,0.001,False,True,4.103797976885293,105,17.709159380834848,356.86,in_progress,0.0,0
157,12.0,1.3065310278173559,0.9579210497336405,-71.92755138353706,7.2,2.0,12,3.7330431476018306,False,True,4.769851863121377,106,17.709159380834848,356.923,in_progress,0.0,0
157,13.0,1.3604255923502606,0.8526611274895166,-68.04635803598806,16.3,1.7,8,4.041285804568195,False,True,5.394114453350363,107,17.709159380834848,356.999,in_progress,0.0,0
157,14.0,1.4364174255706932,0.7309278305841269,-63.07307432834626,12.6,3.5,17,2.001,False,True,5.993290627361025,107,17.709159380834848,357.058,in_progress,0.0,0
157,15.0,1.5109705371723556,0.6261661549702889,-59.165840710419296,3.9,2.4,1,3.4089983399085195,False,True,6.524182352757524,108,17.709159380834848,357.132,in_progress,0.0,0
157,16.0,1.6067722415749717,0.5183348121285634,-53.737785374964915,0.3,2.7,13,3.3557235902727234,False,True,7.1922115332329835,109,17.709159380834848,357.191,in_progress,0.0,0
157,17.0,1.7003061029046274,0.42073558799098315,-50.233218896212534,0.5,3.5,2,2.001,False,True,7.66419394755129,109,17.709159380834848,357.26,in_progress,0.0,0
157,18.0,1.81719610415015,0.3046554465281246,-47.209490241438615,11.4,1.3,16,0.001,False,False,8.29746369964317,110,17.709159380834848,357.331,in_progress,0.0,0
157,19.0,1.9571627123188655,0.19211271986493395,-42.12777601945047,17.0,2.2,14,0.001,False,False,9.077097631741227,111,17.709159380834848,357.399,in_progress,0.0,0
157,20.0,2.080196963292387,0.10587621834734899,-38.469717581934766,17.0,2.2,14,0.001,True,False,9.729346681200967,112,17.709159380834848,357.463,off_track,0.0,0
158,1.0,1.453072038458624,0.8417176263945609,-47.8853110372631,-10.8,2.5,7,0.0,False,True,0.7841948613343974,107,17.709159380834848,357.59,prepare,0.0,0
158,2.0,1.4530581054908396,0.8417807830286491,-47.872585269915376,7.3,1.5,3,4.031044800663783,False,True,0.7839586981401747,107,17.709159380834848,357.663,in_progress,0.0,0
158,3.0,1.4570886848013973,0.8366568699323587,-48.06067997355402,-4.6,2.1,18,3.4741980547374682,False,True,0.8175987374504201,107,17.709159380834848,357.731,in_progress,0.0,0
158,4.0,1.4721076577470458,0.8203994136191067,-48.00327784486153,7.3,1.5,3,4.009920276392845,False,True,0.935470329955701,107,17.709159380834848,357.793,in_progress,0.0,0
158,5.0,1.4974912693959672,0.7959646245550692,-47.433016414338766,7.3,1.5,3,3.2369970426704686,False,True,1.1266611077264344,108,17.709159380834848,357.85,in_progress,0.0,0
158,6.0,1.5363064671008564,0.7622322877110485,-46.17232760624102,16.3,1.7,8,3.752008454490224,False,True,1.409438674326835,108,17.709159380834848,357.928,in_progress,0.0,0
158,7.0,1.596754480320456,0.7211969256796248,-42.732796173018976,-4.6,2.1,18,4.053836115334757,False,True,1.7736764126845994,108,17.709159380834848,357.994,in_progress,0.0,0
158,8.0,1.6642616842374283,0.675294472456223,-40.15775622980874,-0.9,3.0,4,2.064640108422556,False,True,2.217587265219134,109,17.709159380834848,358.057,in_progress,0.0,0
158,9.0,1.7395768422867075,0.6111513050948403,-40.26604094720514,17.0,2.2,14,3.9768060177590288,False,True,2.6595619167979923,109,17.709159380834848,358.135,in_progress,0.0,0
158,10.0,1.8311166533812437,0.5384025102863886,-39.538863297402614,3.9,2.4,1,3.943160036745902,False,True,3.2271681254751106,110,17.709159380834848,358.19,in_progress,0.0,0
158,11.0,1.9116991243398973,0.4858454806843441,-37.24709802304019,12.2,2.7,5,3.93235665863856,False,True,3.679939557780154,111,17.709159380834848,358.266,in_progress,0.0,0
158,12.0,2.0516643683351163,0.4132180988226213,-31.900428889411316,-4.6,2.1,18,3.2195894629382735,False,True,4.427886033533978,111,17.709159380834848,358.329,in_progress,0.0,0
158,13.0,2.1721201805868833,0.35492239001598613,-29.127701373950018,3.9,2.4,1,0.001,False,True,5.021300756851832,112,17.709159380834848,358.399,in_progress,0.0,0
158,14.0,2.3034513133295125,0.2805721478202371,-29.40066171282927,12.2,2.7,5,0.001,False,False,5.768271532237545,113,17.709159380834848,358.457,in_progress,0.0,0
158,15.0,2.4248847165993976,0.2189944859898204,-28.190086568859165,-4.6,2.1,18,0.001,False,False,6.324061025334804,114,17.709159380834848,358.523,in_progress,0.0,0
158,16.0,2.5627261422265617,0.1526074281649071,-26.991477956798214,23.0,1.4,0,0.001,False,False,7.099506221132446,115,17.709159380834848,358.594,in_progress,0.0,0
158,17.0,2.705666073782906,0.08677810742655695,-25.680187550513313,0.3,2.7,13,0.001,True,False,7.947868899143462,116,17.709159380834848,358.675,off_track,0.0,0
159,1.0,2.3148114874365957,0.6706753855786415,-1.1339409211340161,23.0,1.4,0,0.0,False,True,0.7924705959594602,113,17.709159380834848,358.792,prepare,0.0,0
159,2.0,2.314461313881205,0.6707960759928485,-1.1041583585924888,-11.4,3.5,9,3.613037870230441,False,True,0.7905183955890571,113,17.709159380834848,358.851,in_progress,0.0,0
159,3.0,2.321412577774469,0.673095216882955,-0.42571994467358587,16.3,1.7,8,0.001,False,True,0.8302025545374736,113,17.709159380834848,358.919,in_progress,0.0,0
159,4.0,2.337461753409396,0.6779363661831644,0.8086107555324701,-0.9,3.0,4,4.648237578433497,False,True,0.9217332445601967,113,17.709159380834848,358.989,in_progress,0.0,0
159,5.0,2.3671698557127874,0.6808720816354988,1.175536272784863,-11.4,3.5,9,3.667863805724764,False,True,1.0899675793365926,113,17.709159380834848,359.05,in_progress,0.0,0
159,6.0,2.4126571558148413,0.6734278276312612,-0.7985096652708048,2.3,1.7,6,0.001,False,True,1.3451900567472697,114,17.709159380834848,359.115,in_progress,0.0,0
159,7.0,2.476951671570261,0.6691365816210544,-1.5819068470599107,-11.4,3.5,9,4.694286575376941,False,True,1.7073267268464698,114,17.709159380834848,359.188,in_progress,0.0,0
159,8.0,2.5586997500295485,0.6532314629585279,-4.872281498050222,-11.4,3.5,9,4.692250413829241,False,True,2.16588129954266,115,17.709159380834848,359.257,in_progress,0.0,0
159,9.0,2.644637075460387,0.6245457714131891,-9.563971415984689,0.6,3.9,10,3.9685334527822027,False,True,2.6509143284652037,115,17.709159380834848,359.329,in_progress,0.0,0
159,10.0,2.761235213450727,0.5874164354804181,-13.03913510265873,11.4,1.3,16,0.001,False,True,3.3145359630398663,116,17.709159380834848,359.396,in_progress,0.0,0
159,11.0,2.8560159776648137,0.5687399008097478,-12.881466414969676,23.0,1.4,0,0.001,False,True,3.8497630781381686,117,17.709159380834848,359.449,in_progress,0.0,0
159,12.0,2.9496804214150356,0.5570833510147856,-10.825588137468687,16.3,1.7,8,0.001,False,True,4.38110031675234,117,17.709159380834848,359.524,in_progress,0.0,0
159,13.0,3.061693750629153,0.5575463424184797,-6.311200720593722,-30.0,1.3,20,0.001,False,True,5.008809329020863,0,17.709159380834848,359.591,in_progress,0.0,0
159,14.0,3.1647074955903807,0.5615085292477311,-3.000569344775412,0.5,3.5,2,2.7511229066515077,False,True,5.5905754602396485,1,17.709159380834848,359.658,in_progress,0.0,0
159,15.0,3.280545652542949,0.5557068143477183,-2.7213641039286016,-0.9,3.0,4,0.001,False,True,6.245782962421259,1,17.709159380834848,359.725,in_progress,0.0,0
159,16.0,3.4012157037772637,0.5453396303477703,-3.7191368174803023,-4.6,2.1,18,0.001,False,True,6.928087798654431,2,17.709159380834848,359.788,in_progress,0.0,0
159,17.0,3.5381203708405735,0.5255471352480735,-5.887963833659082,3.9,2.4,1,0.001,False,True,7.701005426026342,3,17.709159380834848,359.842,in_progress,0.0,0
159,18.0,3.661846557304193,0.510500694704932,-6.256209368232498,16.3,1.7,8,0.001,False,True,8.399649600432028,4,17.709159380834848,359.913,in_progress,0.0,0
159,19.0,3.796542988420524,0.5075886209034114,-3.8842827903230797,-10.1,1.7,11,0.001,False,True,9.16024659153895,5,17.709159380834848,359.985,in_progress,0.0,0
159,20.0,3.920361859362778,0.5042543644364058,-2.8485548421523657,3.9,2.4,1,0.001,False,True,9.85944553217864,6,17.709159380834848,360.056,in_progress,0.0,0
159,21.0,4.066436116350091,0.49550719775661833,-3.1915605732220733,-4.6,2.1,18,0.001,False,True,10.68428016946919,7,17.709159380834848,360.128,in_progress,0.0,0
159,22.0,4.207416988451563,0.479152797154433,-4.980884593032771,-30.0,1.3,20,0.001,False,True,11.480330933968759,8,17.709159380834848,360.195,in_progress,0.0,0
159,23.0,4.335123339037612,0.45360310756224653,-7.908412350504909,-0.9,3.0,4,3.973518584939394,False,True,12.201403865071995,9,17.709159380834848,360.257,in_progress,0.0,0
159,24.0,4.462952667748944,0.4294869179251487,-9.062217656476214,-4.6,2.1,18,0.001,False,True,12.923186630829719,9,17.709159380834848,360.326,in_progress,0.0,0
159,25.0,4.588233396063459,0.4072428021547336,-9.593851827251688,16.3,1.7,8,0.001,False,True,13.630557912816244,10,17.709159380834848,360.397,in_progress,0.0,0
159,26.0,4.733562520132361,0.38499529580216857,-9.009103201451234,17.0,2.2,14,4.048061430361339,False,True,14.45112663309311,11,17.709159380834848,360.47,in_progress,0.0,0
159,27.0,4.859080653852132,0.3804877533841018,-5.85480012643032,-10.1,1.7,11,3.453687486442823,False,True,15.159884849678036,12,17.709159380834848,360.529,in_progress,0.0,0
159,28.0,4.976236440700686,0.38376489800806374,-2.3954659004201297,23.0,1.4,0,0.001,False,True,15.821446755514103,13,17.709159380834848,360.594,in_progress,0.0,0
159,29.0,5.091918947722169,0.38425973594056645,-1.3016464700812902,2.3,1.7,6,3.459106233899215,False,True,16.47474505263618,14,17.709159380834848,360.662,in_progress,0.0,0
159,30.0,5.218593365565088,0.3936646685404696,1.2018581358494749,2.3,1.7,6,3.463147868130262,False,True,17.190150792356107,14,17.709159380834848,360.742,in_progress,0.0,0
159,31.0,5.351108789324468,0.4141603498888774,4.771337046327326,7.3,1.5,3,3.5888471969838784,False,True,17.938249498074143,15,17.709159380834848,360.789,in_progress,0.0,0
159,32.0,5.430156036289997,0.43317193832882456,7.6414960574527715,16.3,1.7,8,4.081253255137766,False,True,18.38466126067169,16,17.709159380834848,360.865,in_progress,0.0,0
159,33.0,5.557927121492793,0.4751467025261023,12.650400897238223,2.3,1.7,6,4.157083695039432,False,True,19.105065102852365,17,17.709159380834848,360.94,in_progress,0.0,0
159,34.0,5.677591989646075,0.5222316889789961,16.52060004886367,-11.4,3.5,9,2.433751430458035,False,True,19.78281494670047,17,17.709159380834848,361.0,in_progress,0.0,0
159,35.0,5.781400140701351,0.5603518325611169,17.969957299024873,3.9,2.4,1,3.1008819794559024,False,True,20.3719340482356,18,17.709159380834848,361.068,in_progress,0.0,0
159,36.0,5.9063612016178295,0.6089212221730683,19.553513718172532,-10.1,1.7,11,4.352198269877984,False,True,21.077867912303205,19,17.709159380834848,361.13,in_progress,0.0,0
159,37.0,6.0214782375659786,0.6565551697781025,20.864454381029258,-2.1,1.4,15,4.596623506660667,False,True,21.725637138723485,20,17.709159380834848,361.201,in_progress,0.0,0
159,38.0,6.146359843494692,0.7081886476245193,21.76622169062698,-10.1,1.7,11,4.454743524476813,False,True,22.433157262857577,21,17.709159380834848,361.267,in_progress,0.0,0
159,39.0,6.260183834276526,0.7538943264864143,21.75327436968044,16.3,1.7,8,4.472387580653834,False,True,23.103109390921617,21,17.709159380834848,361.336,in_progress,0.0,0
159,40.0,6.370643018397412,0.7989089485789669,21.978629354036958,23.0,1.4,0,4.669595530656751,False,True,23.7751410839343,22,17.709159380834848,361.397,in_progress,0.0,0
159,41.0,6.476838041830447,0.856104187959808,24.766841590006777,17.0,2.2,14,2.9988501870773803,False,True,24.571306513007656,23,17.709159380834848,361.449,in_progress,0.0,0
159,42.0,6.544463704783794,0.9006432466055231,27.48439330582088,12.2,2.7,5,2.724044289155232,False,True,25.014871923204794,24,17.709159380834848,361.54,in_progress,0.0,0
159,43.0,6.662721423261665,1.0039695693886639,34.87979116188676,23.0,1.4,0,4.737562183826052,False,True,26.037288496279885,25,17.709159380834848,361.6,in_progress,0.0,0
159,44.0,6.746560628222059,1.095571954274215,40.84345808139512,7.2,2.0,12,3.3397243661069957,False,True,26.825917940861956,26,17.709159380834848,361.667,in_progress,0.0,0
159,45.0,6.824682877321129,1.1918310726051993,45.28141162519032,12.2,2.7,5,2.847252085063583,False,True,27.678533235130573,27,17.709159380834848,361.735,in_progress,0.0,0
159,46.0,6.896814958786857,1.302888153236474,50.822549211898604,7.2,2.0,12,3.386124253309333,False,True,28.900452077689366,28,17.709159380834848,361.801,in_progress,0.0,0
159,47.0,6.957830929653015,1.4210228701805667,56.419560130422376,3.9,2.4,1,2.8550113034430376,False,True,29.81673668973869,29,17.709159380834848,361.874,in_progress,0.0,0
159,48.0,7.020187668391312,1.5670431803639944,62.11248793519131,11.4,1.3,16,4.810839208660719,False,True,30.876822516290716,31,17.709159380834848,361.925,in_progress,0.0,0
159,49.0,7.053811877319878,1.674272438115033,66.72814942152426,17.0,2.2,14,2.8307235692366453,False,True,31.775017822343827,32,17.709159380834848,361.999,in_progress,0.0,0
159,50.0,7.083528530253324,1.8186474792496787,73.0324421123649,0.6,3.9,10,2.680397770951099,False,True,32.818643467338916,33,17.709159380834848,362.061,in_progress,0.0,0
159,51.0,7.110608399714292,1.9580949001346175,75.95306209016532,16.3,1.7,8,4.089116155349584,False,True,33.65376202846045,34,17.709159380834848,362.135,in_progress,0.0,0
159,52.0,7.136957040349103,2.1148210885195655,78.285568618009,7.3,1.5,3,0.001,False,True,34.53159543401799,35,17.709159380834848,362.186,in_progress,0.0,0
159,53.0,7.152070127920208,2.2363228577476124,80.34191178674327,12.2,2.7,5,0.001,False,True,35.149500455300554,36,17.709159380834848,362.271,in_progress,0.0,0
159,54.0,7.164026748049884,2.382238660939679,82.83051705850616,-10.1,1.7,11,0.001,False,True,35.7600149938625,36,17.709159380834848,362.325,in_progress,0.0,0
159,55.0,7.1723336384327965,2.4960715606312087,84.44222417523257,0.5,3.5,2,0.001,False,True,36.24316142863124,37,17.709159380834848,362.404,in_progress,0.0,0
159,56.0,7.190084823067237,2.6601550671253316,84.02032840530927,12.2,2.7,5,0.001,False,True,36.70096643799228,37,17.709159380834848,362.473,in_progress,0.0,0
159,57.0,7.201610816505731,2.817690335614175,85.02250330605435,-4.6,2.1,18,0.001,False,False,37.196768666464585,38,17.709159380834848,362.518,in_progress,0.0,0
159,58.0,7.20740853306517,2.937398305660826,86.18989614601726,-30.0,1.3,20,0.001,False,False,37.3681118006283,38,17.709159380834848,362.602,in_progress,0.0,0
159,59.0,7.221526614173425,3.0973852621837885,85.61337081469401,-0.9,3.0,4,0.001,True,False,37.857566620852566,39,17.709159380834848,362.662,off_track,0.0,0
